index,title,publishedAt,channelName,duration,viewCount,likeCount,commentCount,comments,lang,translated_comments,sentiment,sentiment_summary
yaalrKX-cXA,World of WarcraftFury Warrior POV,2025-09-15,James (Lizzieag),252.0,2.0,0.0,0.0,[],[],[],[],0
50CJ0usJA_M,World of WarcraftFury Warrior POV,2025-09-15,James (Lizzieag),272.0,1.0,0.0,0.0,[],[],[],[],0
TeLWpF_A0PM,Asara y sus aventuras,2025-09-15,Rebelwade77Games,639.0,2.0,0.0,0.0,[],[],[],[],0
ryGLfGO7ocM,Grinding rogue too 60. [NIGHTSLAYER PVP SERVER],2025-09-15,Nvthis,635.0,2.0,0.0,0.0,[],[],[],[],0
QeSmhZmR1p0,New World,2025-09-15,xxBODYCOUNTxx,1020.0,0.0,0.0,0.0,[],[],[],[],0
ED2dtxfT7aI,World of Warcraft The War Within! Mythic`s+! –ü—Ä—è–º–æ–π —ç—Ñ–∏—Ä —á–µ—Ä–µ–∑ restrea –ü—Ä—è–º–æ–π —ç—Ñ–∏—Ä —á–µ—Ä–µ–∑ restream.su,2025-09-15,iScrew Gaming,543.0,2.0,0.0,0.0,[],[],[],[],0
EmQbKX-v9U4,World of Warcraft The War Within! Mythic`s+! –ü—Ä—è–º–æ–π —ç—Ñ–∏—Ä —á–µ—Ä–µ–∑ restrea –ü—Ä—è–º–æ–π —ç—Ñ–∏—Ä —á–µ—Ä–µ–∑ restream.su,2025-09-15,iScrew Gaming,350.0,2.0,0.0,0.0,[],[],[],[],0
uV33_37lXFY,Leveling and more | World of Warcraft,2025-09-15,Swifvente,514.0,2.0,0.0,0.0,[],[],[],[],0
ryk2FV9YaOg,Winarchik –∏–≥—Ä–∞–µ—Ç –≤ –ü–í–ü :) | Season 3 The War Within 11.2 | World Of Warcraft | PvP,2025-09-15,WiNaRchiK,264.0,0.0,0.0,0.0,[],[],[],[],0
7AMG-ugCKgQ,RBG &quot;WoukZieu&quot; Season 3 The War Within  11.2 | World Of Warcraft | PvP (–∏–≥—Ä–∞–µ–º –†–ë–ì),2025-09-15,WiNaRchiK,596.0,5.0,0.0,0.0,[],[],[],[],0
ELhRqoLXF88,RBG &quot;WoukZieu&quot; Season 3 The War Within  11.2 | World Of Warcraft | PvP (–∏–≥—Ä–∞–µ–º –†–ë–ì),2025-09-15,WiNaRchiK,1173.0,3.0,0.0,0.0,[],[],[],[],0
KXr317FkOjs,"Maya streams: World of Warcraft: The War Within, Season 3!",2025-09-15,Mayamoo,827.0,5.0,1.0,0.0,[],[],[],[],0
3RYAE9YyzQs,Disc Priest 11.2 -  PVP Arena Push 2400 shuffle 9/14/25,2025-09-15,WoWJutsu,1063.0,5.0,0.0,0.0,[],[],[],[],0
WX3GoLPzXGw,World of Warcraft | Mage | Vsun,2025-09-15,V Sun,670.0,0.0,0.0,0.0,[],[],[],[],0
vgp3M7rRuR4,üî• Haciendo SEMANALES + Abismos en The War Within ‚öîÔ∏è ¬°A por la B√≥veda √âPICA! üî•,2025-09-14,Wallside,329.0,28.0,0.0,0.0,[],[],[],[],0
F6kMAxxL-78,Let&#39;s Play World of Warcraft Gearing up Death Knight! (Portrait),2025-09-14,JoseG,927.0,38.0,2.0,0.0,[],[],[],[],0
N5nrYlUT8II,Let&#39;s Play World of Warcraft Gearing up Death Knight!,2025-09-14,JoseG,928.0,4.0,0.0,0.0,[],[],[],[],0
1GcBG-lhnt8,World of Warcraft,2025-09-14,Thunderkiing,250.0,0.0,0.0,0.0,[],[],[],[],0
HIjVNo7nQyg,World Of Warcraft MOP,2025-09-14,Clarence Turpin,376.0,12.0,0.0,0.0,[],[],[],[],0
bWsXKaYwsv4,üê¢ AMBERSHIRE - Elfo Warro - Vamos con todo antes de que muera !,2025-09-14,Keewi,384.0,4.0,0.0,0.0,[],[],[],[],0
NS9ahJ4IfBs,üê¢ AMBERSHIRE - Elfo Warro - Vamos con todo antes de que muera !,2025-09-14,Keewi,327.0,1.0,0.0,0.0,[],[],[],[],0
9EznQRC0L-M,World of Warcraft Áõ¥Êí≠,2025-09-14,BiYuan Liu,1115.0,0.0,0.0,0.0,[],[],[],[],0
mzzhnX1OrLQ,WoW Vanilla Warmane Troll Hunter L60,2025-09-14,M A Azri MS,334.0,1.0,0.0,0.0,[],[],[],[],0
DB_E82RovsI,World of Warcraft: Ret Paladin: PVP Season 3: Solo Shuffle: dominating @ 1674,2025-09-14,3jsa7,907.0,0.0,0.0,0.0,[],[],[],[],0
0MqmTkWcFig,World of Warcraft: Ret Paladin: PVP Season 3: Solo Shuffle: dominating @ 1674 (Portrait),2025-09-14,3jsa7,906.0,0.0,0.0,0.0,[],[],[],[],0
7vl7CPeMZVc,World Of Warcraft Ruby sanctum 25 Heroic,2025-09-14,Yozdzhan Sherif,781.0,2.0,0.0,0.0,[],[],[],[],0
auLfBhrXz9o,World of warctaft keys,2025-09-14,Natte_za,259.0,2.0,0.0,0.0,[],[],[],[],0
F8JCYUNwmxU,WOW - TWW S3 - SoloShuffle - Frost mage pov - Legend XP,2025-09-14,UnrelatedChannelName,798.0,4.0,0.0,0.0,[],[],[],[],0
NvAVAsHjIB4,„ÄêWoW WotLK„ÄëÈ≠îÁç∏‰∏ñÁïå Â∑´Â¶ñÁéã‰πãÊÄí World of Warcraft Icecrown Citadel Point of View ÂÜ∞ÂÜ†ÂüéÂ°û Warmane Live Raid 250913,2025-09-14,CGC,908.0,3.0,0.0,0.0,[],[],[],[],0
lU7_yxttorw,RACING THE LAWSUIT: Turtle Wow Challenge before BLIZZARD Pulls the Plug,2025-09-13,Azeroth MeadHall,984.0,256.0,3.0,0.0,[],[],[],[],0
SxoVe_cpqLc,‚öîÔ∏è Live in Azeroth! Exploring Season 3 | WoW: The War Within üåå,2025-09-13,tva_zoone,819.0,3.0,1.0,0.0,[],[],[],[],0
GfaB4GUOGu8,World of Warcraft | Item Lvl 615 Warlock | Hollow Knights Tomorrow,2025-09-13,Varnison_,883.0,0.0,0.0,0.0,[],[],[],[],0
qUY09m2Re5Q,World Of Warcraft MOP,2025-09-13,Clarence Turpin,313.0,10.0,0.0,0.0,[],[],[],[],0
LLNqa17_7qs,World of Warcraft Classic,2025-09-13,AVStreamStudio,819.0,0.0,0.0,0.0,[],[],[],[],0
7ArSyGnNqYs,world of warcraft,2025-09-13,Dimo_Saur,1190.0,3.0,0.0,0.0,[],[],[],[],0
8TcPGzhNdZA,WoW PvP | Rank 13 Warrior | T√ºrk√ße | World Of Warcraft Classic Anniversary | AQ40 !,2025-09-13,clientturqua,578.0,5.0,0.0,0.0,[],[],[],[],0
b7E-Huzf1b8,WoW PvP | Rank 13 Warrior | T√ºrk√ße | World Of Warcraft Classic Anniversary,2025-09-13,clientturqua,332.0,7.0,0.0,0.0,[],[],[],[],0
9KYcQdptkQs,[PULL Verbot] üó°Ô∏è D√§monenj√§ger auf gro√üer Tour üî• Lasst uns das Wochenende gem√ºtlich ausklingen.,2025-09-13,RuneNomad,279.0,1.0,1.0,0.0,[],[],[],[],0
RdYVEy0KfZg,World of Warcraft Maps in PUBG Mobile!,2025-09-13,TX Mani YT,995.0,3.0,0.0,0.0,[],[],[],[],0
RhDYYs_9UoA,‚öîÔ∏èSpineshatter PvP Challenge‚öîÔ∏è | Eine neue Reise beginnt! | Druiden-PvP Madnessüåø,2025-09-13,Bischofenz,1029.0,3.0,0.0,0.0,[],[],[],[],0
e0fSzkM1Gpo,World Of Runescape (World Of Warcraft Meets Runescape),2025-09-13,Everything But Drama ,374.0,11.0,1.0,0.0,[],[],[],[],0
MDmXR0c4mFk,TWW - 11.7 Paladin PvP - World of Warcraft!,2025-09-13,Nythro's Cathedral,1142.0,6.0,0.0,0.0,[],[],[],[],0
qtBPuUpBzhI,World of Warcraft,2025-09-13,MICROBUSERO,960.0,1.0,0.0,0.0,[],[],[],[],0
_Vv205FnCsI,Beginner Streaming World of Warcraft,2025-09-12,Lucid,1066.0,1.0,0.0,0.0,[],[],[],[],0
_8fwf3ioWDs,WOW PVP Destro Lock,2025-09-12,TRACKUZA,641.0,87.0,0.0,0.0,[],[],[],[],0
GbHHPyYMdrU,Hpal Healing World of Warcraft,2025-09-12,Belmont,688.0,1.0,0.0,0.0,[],[],[],[],0
dC8dLIjTzX8,WoW WOTLK: PvP y PvE de la vieja escuela,2025-09-12,FORMAT,512.0,4.0,0.0,0.0,[],[],[],[],0
ODvk_Hm9jVI,Some PvP World Of Warcraft,2025-09-12,3GxNight,309.0,6.0,0.0,0.0,[],[],[],[],0
xePwuHtHA_8,World of Warcraft Patc 11.2 : –û–ë–ó–û–† –∏ –¢–ï–°–¢ –û–±–Ω–æ–≤–ª–µ–Ω–∏—è  ·êÖ |3.3.5–∞ –ü–æ–¥–ø–∏—à–∏—Å—å,2025-09-12,ilmiron,607.0,11.0,0.0,0.0,[],[],[],[],0
i1BNi5Z32d4,Playing World of Warcraft,2025-09-12,John Edward Pinuela (Yuji),928.0,4.0,0.0,0.0,[],[],[],[],0
3JMeV9yW2S0,World of Warcraft: Dragonflight,2025-09-12,METerrell,706.0,0.0,0.0,0.0,[],[],[],[],0
zs2So9Kg8nI,World of Warcraft: The War Within 11.1.5 | Frost Mage üî•‚ùÑÔ∏è,2025-09-12,AdamHorn,827.0,12.0,1.0,0.0,[],[],[],[],0
FHJnInywsRY,World of Warcraft: The War Within 11.1.5 | Frost Mage üî•‚ùÑÔ∏è,2025-09-12,AdamHorn,357.0,6.0,0.0,0.0,[],[],[],[],0
vBDIby2QAg4,World of Warcraft: The War Within 11.1.5 | Frost Mage üî•‚ùÑÔ∏è #WorldOfWarcraft #WoW #WoWStream,2025-09-12,AdamHorn,922.0,1.0,0.0,0.0,[],[],[],[],0
rqbTSCVMpB8,DIA 20  DE UM NOVATO NO WORLD OF WARCRAFT UPANDO HUNTER   -  ‚ùóEXITLAG ‚ùóCOMANDOS ‚ùóLOJA,2025-09-11,Toud,338.0,56.0,5.0,0.0,[],[],[],[],0
aNUws3kI5AU,Levelling ShadowPriest (2) 88-90 | Pandaria | World of Warcraft Classic,2025-09-11,Hu5ky,961.0,12.0,0.0,0.0,[],[],[],[],0
2nYiXc3rBis,World Of Runescape (World Of Warcraft Meets Runescape),2025-09-11,Everything But Drama ,712.0,5.0,0.0,0.0,[],[],[],[],0
Mrb8bAlBlrE,World of Warcraft: The War Within | Disc Priest üöÄ LVL 1 ‚ûù R1 Challenge.,2025-09-11,LXIX,603.0,21.0,0.0,0.0,[],[],[],[],0
o7XR8H1PYaI,World Of Warcraft,2025-09-10,FalriC_,462.0,12.0,1.0,0.0,[],[],[],[],0
TLVkGoP1JkI,world of warcraft i carnt stop,2025-09-10,ProudGamer94,704.0,0.0,0.0,0.0,[],[],[],[],0
ZqnDxmPggYo,Gamer Day Pt. 1- World of Warcraft,2025-09-09,Headpoppa ,947.0,1.0,0.0,0.0,[],[],[],[],0
QMB1iMqHirk,World of Warcraft: Ret Paladin: PVP Season 3: Solo Shuffle: dominating @ 1608,2025-09-09,3jsa7,381.0,2.0,0.0,0.0,[],[],[],[],0
GEEYMSj9N4A,World of Warcraft | Disc/Shadow Priest Delves,2025-09-09,Alana,484.0,20.0,1.0,0.0,[],[],[],[],0
ZasCgIR2pNg,World of Warcraft: Ret Paladin: PVP Season 3: Solo Shuffle: dominating @ 1608,2025-09-09,3jsa7,258.0,17.0,0.0,0.0,[],[],[],[],0
dSO_QYLshIQ,World of Warcraft - Classic [Hardcore],2025-09-08,SagersTV,602.0,2.0,0.0,0.0,[],[],[],[],0
No60ql-Mfqs,World of Warcraft:,2025-09-08,Iliyan,918.0,3.0,0.0,0.0,[],[],[],[],0
8s5aIY0nht4,World of Warcraft:,2025-09-08,Iliyan,537.0,1.0,0.0,0.0,[],[],[],[],0
fm26u2GU0Vc,World of Warcraft:,2025-09-08,Iliyan,276.0,2.0,0.0,0.0,[],[],[],[],0
rt8H6p49by8,farmando no domingao vem que vem  - WORLD OF WARCRAFT,2025-09-08,Gambaresz,952.0,27.0,1.0,0.0,[],[],[],[],0
BfUPS1uWRKU,"World Of Warcraft Classic Anniversary, rogue leveling 10-60, horde.",2025-09-08,Nazill4,990.0,1.0,0.0,0.0,[],[],[],[],0
GmJj8o9koyk,TWW - 11.7 Paladin PvP - World of Warcraft!,2025-09-08,Nythro's Cathedral,873.0,5.0,1.0,0.0,[],[],[],[],0
T4h_9cWsYVI,World of Warcraft: Ret Paladin: PVP Season 3: Solo Shuffle: dominating @ 1628,2025-09-08,3jsa7,923.0,7.0,0.0,0.0,[],[],[],[],0
Fwjz1sZWPaw,world of warcraft,2025-09-08,skannerz22,460.0,3.0,1.0,0.0,[],[],[],[],0
_HnU62h-9iI,(18+ Mature) 800+ Crown Wins üëë Fortnite Blitz! Classic World Of Warcraft New Player!,2025-09-08,Doomiverse,652.0,0.0,0.0,0.0,[],[],[],[],0
gYoJayRPDBA,World of Warcraft - The War within from India ||Dreanor server EU || casul gameplay,2025-09-08,Veere Da Adda,640.0,8.0,0.0,2.0,['Hello bhai I too play wow lets connect some time'],['en'],['hello bhai i too play wow lets connect some time'],[1],1
zKblKL-5j2w,New to World Of Warcraft Hardcore,2025-09-07,Ilmirdallan,442.0,0.0,0.0,0.0,[],[],[],[],0
AHgZUQGniEE,World of warcraft acension server,2025-09-07,Aceofspades2014,836.0,1.0,0.0,0.0,[],[],[],[],0
RB0WLtIkym8,World Of Warcraft - The War Within - LEVIANDO UN TERRANEO!,2025-09-07,Thorian,451.0,6.0,0.0,0.0,[],[],[],[],0
VaSXzxxTWLE,Brain Injury Survivor Plays World of Warcraft: The War Within (Casual play),2025-09-07,AnoxicRainbow,906.0,0.0,0.0,0.0,[],[],[],[],0
GNrmgcdJCk4,World of Warcraft: Ret Paladin: PVP Season 3: Solo Shuffle: dominating @ 1628,2025-09-07,3jsa7,754.0,5.0,0.0,0.0,[],[],[],[],0
Z_4w6n4M_9Y,World of Warcraft Grind,2025-09-07,Turbo,298.0,5.0,0.0,0.0,[],[],[],[],0
tdCudFS75ZY,New to World Of Warcraft,2025-09-07,Ilmirdallan,571.0,0.0,0.0,0.0,[],[],[],[],0
MM58hXD4E6I,"World Of Warcraft Classic Anniversary, rogue leveling 10-60, horde.",2025-09-07,Nazill4,557.0,6.0,0.0,0.0,[],[],[],[],0
esx88vBMong,üéÆüî• LIVE NOW: Lets play World of Warcraft The War Within Shadow Priest üî•üéÆ,2025-09-07,Fr4nk VG,763.0,12.0,0.0,0.0,[],[],[],[],0
tyEguCAZZMY,New to World Of Warcraft,2025-09-07,Ilmirdallan,596.0,0.0,0.0,0.0,[],[],[],[],0
eA7xZ44-2O8,World of Warcraft,2025-09-07,Glencairn,711.0,13.0,0.0,0.0,[],[],[],[],0
ZdfRHcRQM-k,New to World Of Warcraft,2025-09-07,Ilmirdallan,568.0,0.0,0.0,0.0,[],[],[],[],0
VWWe2mAcjj4,World of warcraft,2025-09-07,Russian ,260.0,4.0,0.0,0.0,[],[],[],[],0
kvhYWlut0II,World of Warcraft Classic | Anniversary | LIVE | Fury Warrior * Arms Warrior,2025-09-07,Erwin Liao,330.0,38.0,0.0,0.0,[],[],[],[],0
oXm5ymEYiho,New to World Of Warcraft,2025-09-07,Ilmirdallan,1177.0,0.0,0.0,0.0,[],[],[],[],0
-VWlBfSC8cM,World of Warcraft: Ret Paladin: PVP Season 3: Solo Shuffle: dominating @ 1502,2025-09-07,3jsa7,345.0,1.0,0.0,0.0,[],[],[],[],0
wjjJD5ey8PY,World of Warcraft | Monk 11.2  Pre-Midnight,2025-09-07,World of Chillcraft,759.0,0.0,0.0,0.0,[],[],[],[],0
QP0MGylO-F0,New to World Of Warcraft,2025-09-07,Ilmirdallan,834.0,0.0,0.0,0.0,[],[],[],[],0
lmDwrLLo4mM,New to World Of Warcraft,2025-09-07,Ilmirdallan,847.0,0.0,0.0,0.0,[],[],[],[],0
tK8pYcGI7n8,üéÆüî• LIVE NOW: Lets play World of Warcraft The War Within Shadow Priest üî•üéÆ,2025-09-07,Fr4nk VG,969.0,2.0,0.0,0.0,[],[],[],[],0
6bmsKQW3TNw,üéÆüî• LIVE NOW: Lets play World of Warcraft The War Within Shadow Priest üî•üéÆ,2025-09-07,Fr4nk VG,1063.0,5.0,0.0,0.0,[],[],[],[],0
0C4C6yq47mU,World of Warcraft - The War Within Gameplay Dwarf Shaman,2025-09-07,Samantha Persephone ¬Æ,380.0,4.0,0.0,0.0,[],[],[],[],0
L9cfWUxUfSE,WORLD OF WARCRAFT MANCOS MITICAS Y BICHITOS,2025-09-06,Original Soul,439.0,1.0,0.0,0.0,[],[],[],[],0
5t0E0KGEj9M,World of Warcraft Foundational Series Battleground 0.2,2025-09-06,Vedran Kin,359.0,2.0,0.0,0.0,[],[],[],[],0
SPqUufUV8JM,World of Warcraft: Ret Paladin: PVP Season 3: Solo Shuffle: dominating @ 1566!,2025-09-06,3jsa7,802.0,3.0,0.0,0.0,[],[],[],[],0
ml1Fc9G5kFc,World of Warcraft Midnight Epic Edition Review,2025-09-06,Aditya Dwi Puspo,761.0,6.0,0.0,0.0,[],[],[],[],0
0WjAvyKbBRY,World of Warcraft Midnight Epic Edition Review,2025-09-06,Aditya Dwi Puspo,1002.0,1.0,0.0,0.0,[],[],[],[],0
EQonDM8yRZg,World of Warcraft Leveling Stream,2025-09-06,Likeaflying Bozz,836.0,1.0,0.0,0.0,[],[],[],[],0
Wcme6EPjwMs,"World of Warcraft by Marina Noel, broadcast from Boosteroid, 2025.09.05, 15:11:58",2025-09-06,Having Fun with Facts,562.0,3.0,0.0,0.0,[],[],[],[],0
43KMm5onLt8,üíôüíõ World of Warcraft - —Å–ø–æ–≥–∞–¥–∏ - –∫—Ä–∞—â–∏—Ö —Ç—Ä–∞–Ω—Å–ª—è—Ü—ñ–π - –†–ê–î–Ü–û —Å—Ç—Ä—ñ–º  @Xellos_Play,2025-09-06,Boosteroid Live Gaming,342.0,65.0,1.0,0.0,[],[],[],[],0
4tFrQrfXysg,World of Warcraft: Anniversary Classic - Day 288,2025-09-06,BC_0706 Offline (VODS),932.0,1.0,0.0,0.0,[],[],[],[],0
1QRz4U84fWI,World of Warcraft - The War Within Gameplay,2025-09-06,Samantha Persephone ¬Æ,967.0,7.0,0.0,0.0,[],[],[],[],0
QV064YCDu_w,World of Warcraft  | Partidita Express,2025-09-06,SrLeinox,911.0,15.0,0.0,0.0,[],[],[],[],0
bn66YtV3kpI,World of Warcraft: Dragonflight,2025-09-05,METerrell,366.0,1.0,0.0,0.0,[],[],[],[],0
kjxmW5h2fgo,New to World Of Warcraft,2025-09-05,Ilmirdallan,990.0,1.0,0.0,0.0,[],[],[],[],0
ymB_-_8HkLU,World of Warcraft: Dragonflight,2025-09-05,METerrell,1005.0,0.0,0.0,0.0,[],[],[],[],0
UHDrLv9g65k,World of Warcraft: Mist of Pandaria Classic - Day 46 (ALSO GIGA UNI),2025-09-05,BC_0706 Offline (VODS),376.0,0.0,0.0,0.0,[],[],[],[],0
6HTpNP-38uk,Violence in World of Warcraft!,2025-09-05,KaneBravo,851.0,2.0,0.0,0.0,[],[],[],[],0
Cq3vdNNoGbk,New to World Of Warcraft,2025-09-05,Ilmirdallan,550.0,0.0,0.0,0.0,[],[],[],[],0
UJuiX3ubX5I,JUGANDO WORLD OF WARCRAFT,2025-09-05,Facundo Jure,983.0,4.0,0.0,0.0,[],[],[],[],0
tfIa0d6NSRE,"&quot;The Hunter Begins&quot; With Whirlhoof, FRESH Druid World Of Warcraft (Project Epoch) LETS GET 100 SUBS",2025-09-05,Whirlwind Wednesdays,557.0,5.0,0.0,0.0,[],[],[],[],0
cL0OW3_wFwY,World of Warcraft - The War Within Gameplay Death Knight Dwarf,2025-09-05,Samantha ,859.0,4.0,0.0,0.0,[],[],[],[],0
EqAvrVKslAA,New to World Of Warcraft,2025-09-05,Ilmirdallan,1158.0,0.0,0.0,0.0,[],[],[],[],0
OtxOA9W9AeI,New to World Of Warcraft,2025-09-05,Ilmirdallan,523.0,0.0,0.0,0.0,[],[],[],[],0
XEktBQSLjS8,New to World Of Warcraft,2025-09-05,Ilmirdallan,743.0,0.0,0.0,0.0,[],[],[],[],0
sB3lnMwAZb0,–ò–≥—Ä–∞—é –Ω–∞ —Ä–∞–±–æ—Ç–µ –≤ World Of Warcraft –ü—Ä–∏—Å–æ–µ–¥–∏–Ω—è–π—Å—è!,2025-09-04,MilD –ö–æ–º–ø—å—é—Ç–µ—Ä–Ω–∞—è –ø–æ–º–æ—â—å –≤ –°–º–æ–ª–µ–Ω—Å–∫–µ,255.0,182.0,1.0,0.0,[],[],[],[],0
whaG1fgzb5A,world of warcraft the war within,2025-09-04,Shadow,992.0,2.0,2.0,0.0,[],[],[],[],0
FrqchXlv8aw,i must like dying | World of Warcraft,2025-09-04,Bryan Azure,813.0,2.0,0.0,0.0,[],[],[],[],0
LRnr4zuEYnY,world of warcraft tww,2025-09-04,Steven Lewis,240.0,1.0,0.0,0.0,[],[],[],[],0
_SSmCzI2gKo,World of Warcraft: Dragonflight,2025-09-03,METerrell,920.0,0.0,0.0,0.0,[],[],[],[],0
eHjdeeSIIFg,World of Warcraft Trade Post,2025-09-03,ADOBAMF 69,253.0,0.0,0.0,0.0,[],[],[],[],0
I7YLreBXyA0,Hunter Gameplay - World of Warcraft Retail - ChillStream - Gold Farm,2025-09-03,JoeGameVideos,493.0,3.0,0.0,0.0,[],[],[],[],0
es_hHaXC2ZA,World of Warcraft - The War Within Gameplay DEATH KNIGHT,2025-09-03,Samantha ,975.0,11.0,0.0,0.0,[],[],[],[],0
vF1Ra-Px9HY,Hunter Gameplay - World of Warcraft Retail - ChillStream - Gold Farm,2025-09-03,JoeGameVideos,373.0,4.0,0.0,0.0,[],[],[],[],0
JwFQT-NxTvM,World of Warcraft - TWW Season 3 Quick vaults - WEEK 4,2025-09-03,RogueHavikk,517.0,13.0,1.0,2.0,['Hey hey\n\nIts so unfair that you can open your vault earlier than meüòÇüòÇ\n\n\nI have to wait until tomorrow üò¢'],['en'],['hey hey  its so unfair that you can open your vault earlier than me   i have to wait until tomorrow '],[-1],-1
ffu7UoOWaHY,Balance Druid Burst Rotation - Retail World of Warcraft - The War Within Patch 11.2 Season 3,2025-09-03,Einherjar Gaming,709.0,24.0,1.0,0.0,[],[],[],[],0
dFGpsYwlB7w,Balance Druid Burst Rotation - Retail World of Warcraft - The War Within Patch 11.2 Season 3,2025-09-03,Einherjar Gaming,786.0,8.0,0.0,0.0,[],[],[],[],0
rQQN6F5d55s,World of Warcraft | Encontrando nuestro camino,2025-09-02,SrLeinox,998.0,10.0,0.0,0.0,[],[],[],[],0
MoroDoBf-Ak,World of Warcraft: Ret Paladin: PVP Season 3: Solo Shuffle: dominating@ 1512!,2025-09-02,3jsa7,1114.0,1.0,0.0,0.0,[],[],[],[],0
ybfoOWPxHaE,World Of Warcraft!!!! Undead Warlock Lvl Up,2025-09-02,Turbo,306.0,2.0,0.0,0.0,[],[],[],[],0
5QUs-HfSozk,World of Warcraft,2025-09-02,virGodw,393.0,1.0,0.0,0.0,[],[],[],[],0
6ncQ31y20kA,World of Warcraft: Dragonflight,2025-09-02,METerrell,918.0,0.0,0.0,0.0,[],[],[],[],0
b2oMYaLY678,Paladin WORLD OF WARCRAFT Hardcore,2025-08-31,ercky002,534.0,0.0,0.0,0.0,[],[],[],[],0
1VhmsJbbLtg,World of Warcraft Enila,2025-08-31,Jari Hellmann,282.0,0.0,0.0,0.0,[],[],[],[],0
t_oSBHI628k,World of Warcraft TWW Season 3 Mistweaver keys! 11&#39;s COMPLETE!,2025-09-15,RogueHavikk,10354.0,6.0,1.0,1.0,"[""Finished with 11's on to 12's. Completed one already but was way over""]",['en'],['finished with 11s on to 12s. completed one already but was way over'],[-1],-1
A1v7q9k2e2g,WoWGuild-Battle.net-Gameplay&#39;s Live broadcast world of warcraft 11.2.0 GamePlay LiveNow,2025-09-15,WoWGuild-Battle.net-Gameplay,4308.0,9.0,0.0,0.0,[],[],[],[],0
EVedF2PEQFM,World of Warcraft,2025-09-15,Jadem Cian,12704.0,20.0,1.0,0.0,[],[],[],[],0
cwd4CIyoMGM,World of WarCraft,2025-09-15,Silky Smooth,10317.0,1.0,0.0,0.0,[],[],[],[],0
-O1AI5tNDtg,World of Warcraft: Mists of Pandaria l SEGUIMOS CON EL MONK HAY LEVEANDOLO!!!,2025-09-15,Ezplitner,3653.0,1.0,0.0,0.0,[],[],[],[],0
e6YajYMtdt0,LIVE NA TAVERNA - vamos jogar World of Warcraft,2025-09-15,CANAL DO ANJOVEN,2677.0,1.0,0.0,0.0,[],[],[],[],0
V1jhMolBjoU,Project Epoch | –ü–æ—Ç—É–∂–Ω–∞ –ü—Ä–æ–∫–∞—á–∫–∞ –®–∞–º–∞–Ω–∞ 45-47 lvl | World of Warcraft –£–∫—Ä–∞—ó–Ω—Å—å–∫–æ—é #23,2025-09-15,PotuzhniyUA,11846.0,150.0,8.0,2.0,['Dominos –∞–ª—å—Ç–µ—Ä–Ω–∞—Ç–∏–≤–∞ Bartender –∞–ª–µ –±–∞–≥—ñ–≤ —è –Ω–µ –±–∞—á–∏–≤'],['ru'],"[""Dominos alternative bartender but the bags I didn't see""]",[-1],-1
0IWrbtRhEqU,Levelling Shadow Priest (5) 88-90 | Pandaria | World of Warcraft Classic,2025-09-15,Hu5ky,12415.0,34.0,0.0,1.0,['9üòä'],['unknown'],['9'],[0],0
ovutnOuE0-I,| World of Warcraft Mists of Pandaria | 15.09.25,2025-09-15,OSOM-TV,16762.0,744.0,3.0,0.0,[],[],[],[],0
rOo9UqD4_gA,World of Warcraft | Mage | Vsun,2025-09-15,V Sun,11543.0,0.0,0.0,0.0,[],[],[],[],0
o0hG0o6dhdo,World of Warcraft Classic Hardcore - Doomhowl Realm,2025-09-15,Lucien,3949.0,2.0,0.0,0.0,[],[],[],[],0
yKMVI97cE5c,Learning How To AoE Farm In Classic World of Warcraft!,2025-09-15,Nerdcraft,13224.0,499.0,11.0,0.0,[],[],[],[],0
krgIUbqin3c,Disc Priest Weekly Delves and LFR | World of Warcraft,2025-09-15,Alana,7773.0,22.0,0.0,0.0,[],[],[],[],0
c6BT_RLvaLI,World of Warcraft Raid,2025-09-15,Glencairn,12046.0,8.0,0.0,0.0,[],[],[],[],0
YKDl68nSu-g,Hardcore World of Warcraft - Xfirestarter Leveling,2025-09-15,Forgotten Gods,3488.0,16.0,0.0,0.0,[],[],[],[],0
c1IDhOTkiN4,Let&#39;s Play World of Warcraft Gearing up Death Knight!,2025-09-15,JoseG,5560.0,13.0,0.0,0.0,[],[],[],[],0
LMYZ3ndYch8,–í–µ–ª–∏–∫–∞ –Ω–æ–≤–∏–Ω–∞ –¥–ª—è –∫–∞–Ω–∞–ª—É | –¢–µ—Å—Ç—É—é –Ω–æ–≤–æ–≥–æ –≥–µ—Ä–æ—è | World of Warcraft UA,2025-09-15,–î—ñ–¥—å–∫–æ,13480.0,207.0,14.0,0.0,[],[],[],[],0
hH7Yvb73u3I,Earning your Subs the Only Way I know how... | World PVP and BG 1 v X   World of Warcraft üíú SOLO PVP,2025-09-15,Soullscape,15847.0,461.0,5.0,0.0,[],[],[],[],0
h571ahBMw0o,Scratching the Surface of The War Within Expansion | World of Warcraft | AzedNaut Gaming,2025-09-15,AzedNaut Gaming,33055.0,101.0,2.0,0.0,[],[],[],[],0
wjFLo3YBivM,World of Warcraft Áõ¥Êí≠,2025-09-15,BiYuan Liu,12337.0,0.0,0.0,0.0,[],[],[],[],0
rPpL9O7Cprc,üíÄ WEEKEND STREAM! | World of Warcraft The War Within Viewer Battlegrounds &amp; Arenas,2025-09-15,CommanDirk,11180.0,906.0,12.0,0.0,[],[],[],[],0
rPYN8qJDENY,GOOD MORNING!!! WORLD OF WARCRAFT LEVELING (maybe with sick music),2025-09-15,Kraken,5463.0,2.0,0.0,0.0,[],[],[],[],0
Wa5-Bx3qj-Y,World of warcraft. –£—Ç—Ä–µ–Ω–Ω–∏–π —Å—Ç—Ä–∏–º—á–∏–∫),2025-09-15,Aleksey Vladimirov,7698.0,68.0,3.0,0.0,[],[],[],[],0
-ldK7BqcdRE,Rhypi&#39;s Variety Stream Sunday #111 | Part 3 World of Warcraft!,2025-09-15,Rhypi Gaming,5643.0,12.0,3.0,0.0,[],[],[],[],0
qUNXy2J94aM,World of Warcraft: Ret Paladin: PVP Season 3: Solo Shuffle: dominating @ 1499 (Portrait),2025-09-15,3jsa7,4872.0,0.0,0.0,0.0,[],[],[],[],0
BmWcngX6H5I,World of Warcraft: Hardcore - Dungeons,2025-09-15,savetimewin,4946.0,0.0,0.0,0.0,[],[],[],[],0
RKkkM6y9XsI,Live Game Play - World of Warcraft - The War Within,2025-09-15,Grandpa Pans' Gaming,7258.0,4.0,1.0,0.0,[],[],[],[],0
ZsP0R_NkcIs,World of Warcraft - Normal Manaforge raiding!,2025-09-15,Gaming In The Can,6979.0,59.0,6.0,1.0,['Ill probably stream more WoW in the coming weeks üòÖ'],['en'],['ill probably stream more wow in the coming weeks '],[1],1
tC0y204ZOsw,World of Warcraft: The War Within. Firestorm x1 ‚û§ –ü—Ä–æ—Ö–æ–∂–¥–µ–Ω–∏–µ ‚Äî –ß–∞—Å—Ç—å 10,2025-09-15,Evan Creates,23216.0,29.0,0.0,0.0,[],[],[],[],0
yG_yk5zXldg,Shorts World of Warcraft: The War Within. Firestorm x1 ‚û§ –ü—Ä–æ—Ö–æ–∂–¥–µ–Ω–∏–µ ‚Äî –ß–∞—Å—Ç—å 10,2025-09-15,–í–∞–Ω—è –†–ü–ì ‚öîÔ∏è,23203.0,11999.0,22.0,0.0,[],[],[],[],0
kZ_rt99w-MI,World of Warcraft THE WAR WITHIN SEASON 3 SKCZ Gameplay * LIVE STREAM,2025-09-15,Lycansylzara,10529.0,122.0,0.0,0.0,[],[],[],[],0
L9-gDTq4zPE,World of Warcraft | Mage | Vsun,2025-09-15,V Sun,7122.0,1.0,0.0,0.0,[],[],[],[],0
nBh4JY3XEPE,WoW Zero to Hero (World of Warcraft) Dia 4,2025-09-15,Daimadael,11258.0,5.0,1.0,0.0,[],[],[],[],0
qPUGhw9oj-E,World of Warcraft&#39;ta BALANCE DRUID ile 2400 RATING! - T√ºrk√ße Rehber,2025-09-15,Xero4eveR,5421.0,5.0,0.0,0.0,[],[],[],[],0
nw4_TyJKbfQ,–≠–ª–µ–º–µ–Ω—Ç–∞–ª –®–∞–º–∞–Ω –Ω–∞ –†–ë–ì | World of Warcraft Mists of Pandaria | 14.09.25,2025-09-15,OSOM-TV,10075.0,19.0,1.0,0.0,[],[],[],[],0
21gXQEb746k,new to World of Warcraft Classic | @kiddsisco,2025-09-15,KiddSisco,14403.0,56.0,1.0,0.0,[],[],[],[],0
p1izLEg6oZ0,WORLD OF WARCRAFT CLASSIC LIVE PL - Anniversary Edition - Alterac Valley BG Do B√≥lu üî¥ [NA ≈ªYWO],2025-09-15,MajkeLeon,22234.0,481.0,39.0,0.0,[],[],[],[],0
2dfwxCVjKIk,World of Warcraft: The War Within | Disc Priest üöÄ LVL 1 ‚ûù R1 Challenge.,2025-09-15,LXIX,6910.0,6.0,0.0,0.0,[],[],[],[],0
hKSl2mGc1oY,World of Warcraft | Mage | Vsun,2025-09-15,V Sun,6288.0,0.0,0.0,0.0,[],[],[],[],0
xQ1dPQSXkLo,World of Warcraft: Ret Paladin: PVP Season 3: Solo Shuffle: dominating @ 1618,2025-09-14,3jsa7,2923.0,9.0,0.0,0.0,[],[],[],[],0
lDE_u-QZbS4,3 –ù–ï–î–ï–õ–Ø –ü–ï–†–í–û–ì–û –°–ï–ó–û–ù–ê - WORLD OF WARCRAFT FIRESTORM - THE WAR WITHIN,2025-09-14,Rayan,18912.0,555.0,15.0,0.0,[],[],[],[],0
KJ4JLF2XcW0,"World of Warcraft Classic Hardcore! / 1 Charakter, 1 Leben! Wie weit kommen wir? üåçü§¨ / Live Deutsch",2025-09-14,Zantos Welt,12352.0,88.0,2.0,0.0,[],[],[],[],0
ewpdOaB8qYA,World of Warcraft Áõ¥Êí≠,2025-09-14,BiYuan Liu,8022.0,0.0,0.0,0.0,[],[],[],[],0
njKyHnzllN4,World of Warcraft - Mists of Pandaria Classic - Live #24,2025-09-14,Misa Lihvarcek,9209.0,26.0,0.0,0.0,[],[],[],[],0
f8p2dQG1j5Y,Testing OBS | World of Warcraft,2025-09-14,Swifvente,3031.0,17.0,0.0,0.0,[],[],[],[],0
U4tdJr36ERc,"Retribution paladin PvP - solo shuffle, bg blitz | World of Warcraft : The war within |",2025-09-14,Akcope,7482.0,740.0,3.0,0.0,[],[],[],[],0
2fKSW_Ad8X8,BOCKAMO KROZ NEDELJU | World of Warcraft | Spineshatter,2025-09-14,MishaThePunk,24158.0,534.0,57.0,0.0,[],[],[],[],0
4F8ywSEAApw,World of Warcraft: Ret Paladin: PVP Season 3: Solo Shuffle: dominating @ 1618 (Portrait),2025-09-14,3jsa7,1368.0,1.0,0.0,0.0,[],[],[],[],0
79PNE_eSHNg,World Of Warcraft - Frankly Scarlet Guild Runs  [9.14.2025],2025-09-14,golephish,4523.0,12.0,1.0,0.0,[],[],[],[],0
QZ47JG_3NYo,World of warcraft.,2025-09-14,Aleksey Vladimirov,3714.0,48.0,3.0,0.0,[],[],[],[],0
7TyBmRhhbM4,"Retribution paladin Retail PvP - solo shuffle, bg blitz, 3v3 | World of Warcraft : The war within",2025-09-14,Akcope,11123.0,3729.0,9.0,0.0,[],[],[],[],0
tl1UDceouQY,4K  World of Warcraft Retails 11.2 TWW,2025-09-14,takoi-fw,1482.0,1.0,0.0,0.0,[],[],[],[],0
zrbZmamNZE4,World of Warcraft: Firestorm - The War Within - Dornogal - SEASON 1 - 11.1.5 - Part 6,2025-09-14,Vanja Hriberski,23383.0,65.0,1.0,0.0,[],[],[],[],0
CjbKvQJ545o,World Of Warcraft - Frankly Scarlet Guild Runs  [9.13.2025],2025-09-14,golephish,13564.0,26.0,1.0,0.0,[],[],[],[],0
qxevtaCle2o,[world of warcraft] ÏôÄÏö∞ ÌÅ¥ÌÅ¥ / Î™©Ìëú : Î∂àÏÑ±Ï†Ñ ÏßÅÏóÖÎ≥Ñ60ÎßåÎ†ô - 50ÏùºÏ∞®,2025-09-14,Îî∏Í∏∞ÏºÄÏùµ Îã®ÎπÑ Í≤åÏûÑ Ï±ÑÎÑê‚ô•,40500.0,303.0,7.0,0.0,[],[],[],[],0
c6zsw0y2FPs,üî¥GAMING LIVEüî¥World of Warcraft Classic HARDCORE !guild || Hunter Level: 13‚≠ê || Attempt: 14üíÄ,2025-09-14,Rizzan,33043.0,331.0,6.0,0.0,[],[],[],[],0
FH3FeSXihvA,üî¥LIVE | 3197io BM hunter | World of Warcraft adventures | ROSABERRY,2025-09-14,RosaBerry,40846.0,477.0,30.0,0.0,[],[],[],[],0
oJ9VbzJTfuI,–í—Ç–æ—Ä–æ–π –¥–µ–Ω—å –≤ PVP –∑–∞ –ê–†–ú–° –í–ê–†–ê ‚Ä¢ World of Warcraft ‚Ä¢ !—Å–µ—Ä–≤–µ—Ä,2025-09-14,Elisave,9808.0,6548.0,49.0,0.0,[],[],[],[],0
5OSi0KeTNPM,üíôüíõ World of Warcraft - —Å–ø–æ–≥–∞–¥–∏  #4  –∫—Ä–∞—â—ñ —Ç—Ä–∞–Ω—Å–ª—è—Ü—ñ—ó - –†–ê–î–Ü–û —Å—Ç—Ä—ñ–º   @Xellos_Play ‚Äã,2025-09-14,Boosteroid Live Gaming,42161.0,59.0,4.0,0.0,[],[],[],[],0
2Y7ocsf5fEo,World of Warcraft: Dimensius,2025-09-14,Poorman973,6273.0,24.0,4.0,2.0,['Sorry dude I would have been here if I knew.'],['en'],['sorry dude i would have been here if i knew.'],[-1],-1
Gxdmehr62qA,fulcrum playing world of warcraft,2025-09-14,damianluck925,10786.0,2806.0,110.0,8.0,"['YADED YADED YADED', 'Mid stream', 'W stream', 'L stream']","['so', 'et', 'pl', 'ro']","['memory memory', 'medium', 'in stream', 'l stream']","[1, 1, 1, 1]",4
bz8AtOt_j98,Professions &amp; Goldmaking in World of Warcraft,2025-09-14,ElonCS,10917.0,540.0,17.0,0.0,[],[],[],[],0
PJRm2SOfPg0,5 RUN PETAMA PEMBURU BLAK LOTUS  ?? FARMING WORLD OF WARCRAFT  ANIVERSARY,2025-09-14,TukangReview12,2464.0,25.0,1.0,0.0,[],[],[],[],0
bDtY12GncBs,Resto Shaman Mythic+ | Zero to Legend | World of Warcraft: The War Within,2025-09-14,Turtle Respec,11425.0,76.0,1.0,0.0,[],[],[],[],0
3ovvt9cz3VM,019 ‚Ä¢ Gnomeregan zerlegen ‚Ä¢ World of Warcraft Classic LIVE Let&#39;s Play [BLIND],2025-09-14,dieser_ Pe,12071.0,126.0,6.0,0.0,[],[],[],[],0
A5w-SDRJwBo,Heut vom B√ºro World of Warcraft und so  (Fsk: 18j.),2025-09-14,I_bims_Dodo,9495.0,1374.0,49.0,0.0,[],[],[],[],0
7tGGmQuc2sk,üî¥ Noche de WOW #5 ‚öîÔ∏è | The War Within | World of Warcraft (En Vivo),2025-09-14,DabeatZtudio,14714.0,256.0,1.0,0.0,[],[],[],[],0
4Fp5p1HLVEQ,World Of Warcraft - MOP Classic Frankly Scarlet Guild Runs Probably [9.13.2025],2025-09-14,golephish,13084.0,15.0,1.0,0.0,[],[],[],[],0
_7LHhCvbTd4,World Of Warcraft Ruby sanctum,2025-09-14,Yozdzhan Sherif,2691.0,2.0,0.0,0.0,[],[],[],[],0
mCOKNqaaeio,Come Chill | World of WarCraft,2025-09-14,RossFromUnova,14715.0,294.0,9.0,0.0,[],[],[],[],0
YNR0eA-Ks1c,Farming Memories - World of Warcraft,2025-09-14,Sketchy Streams,14472.0,0.0,0.0,0.0,[],[],[],[],0
H7oxWbNcnFI,World Of Warcraft CZ/SK - Frost Mage Exping,2025-09-14,Veryrareyungpao,5630.0,7.0,0.0,0.0,[],[],[],[],0
Sp2QpSauTz0,TAKING ON THE NEXUS KING &amp; DIM! | WORLD OF WARCRAFT,2025-09-14,Shadowlovez,11840.0,222.0,6.0,0.0,[],[],[],[],0
7C2bqzlqxV4,World of Warcraft Classic ‚Äì R√ºckkehr in die Dunkelk√ºste (Koop) | 008 üî¥ LIVE #InsideGamingTV,2025-09-14,InsideGamingTV,12822.0,15.0,1.0,0.0,[],[],[],[],0
zpT6AlPWrJY,Druidlenmek? Level Zamanƒ± / World Of Warcraft Classic B√∂l√ºm : #2,2025-09-14,UntiltableTV,6716.0,4.0,2.0,0.0,[],[],[],[],0
f8v1StvAENo,World of Warcraft Mists of Pandaria - First time playthrough - part 2,2025-09-14,BullHaste,9092.0,107.0,4.0,2.0,"['Well done on  doing the Deadmines man! You are totally gaming, learning how to rogue in MOP üòÅ']",['en'],"['well done on  doing the deadmines man! you are totally gaming, learning how to rogue in mop ']",[1],1
1VdyPHpuPYc,World of Warcraft THE WAR WITHIN SEASON 3 SKCZ Gameplay * LIVE STREAM,2025-09-14,Lycansylzara,5933.0,56.0,2.0,0.0,[],[],[],[],0
LT0S2IkAM6k,WORLD OF WARCRAFT: THE WAR WITHIN SEASON 3!!,2025-09-14,Dr.Ceberus,11615.0,14.0,1.0,0.0,[],[],[],[],0
m7m0kRFLRls,„ÄêWORLD OF WARCRAFT„Äëis it wrong to pick up oshis in a dungeon„ÄêBabette Bichoux„Äë,2025-09-14,Babette Bichoux ü¶ãüî™,14804.0,203.0,10.0,0.0,[],[],[],[],0
EEaoek9tQOw,World of Warcraft Mists of Pandaria classic,2025-09-14,GengarJ,3885.0,20.0,0.0,0.0,[],[],[],[],0
C7JIkeUnPsM,World of Warcraft THE WAR WITHIN SEASON 3 SKCZ Gameplay * LIVE STREAM,2025-09-14,Lycansylzara,30098.0,208.0,3.0,0.0,[],[],[],[],0
xOI9jcE4Mts,Playing World of Warcraft for the first time,2025-09-14,EvrenTheOne,6104.0,2.0,0.0,0.0,[],[],[],[],0
dp_Db7zjkQ4,Shorts World of Warcraft: The War Within. Firestorm x1 ‚û§ –ü—Ä–æ—Ö–æ–∂–¥–µ–Ω–∏–µ ‚Äî –ß–∞—Å—Ç—å 9,2025-09-14,–í–∞–Ω—è –†–ü–ì ‚öîÔ∏è,18086.0,9098.0,25.0,0.0,[],[],[],[],0
b5PcFC9ljgg,World of Warcraft Anniversary | Warrior | Controller | AUS,2025-09-14,vXziRe,2991.0,1.0,0.0,0.0,[],[],[],[],0
rw5ySIDsE8A,"World Of Warcraft The War Within: Cand Am Zi Ca Facem Si Alt Joc, Na Nu Se Mai Poate!!!",2025-09-13,Pino,15776.0,294.0,23.0,0.0,[],[],[],[],0
bAmVByamLSQ,World of Warcraft: The War Within,2025-09-13,ayshy,7045.0,3.0,0.0,0.0,[],[],[],[],0
03GzxrdYkhA,World of Warcraft Leveling Mage,2025-09-13,Ghost,4410.0,3.0,0.0,0.0,[],[],[],[],0
XLb9vtycP4g,–ß–∞—Å—Ç–∏–Ω–∞ 1 | Project Epoch | –ü–æ—Ç—É–∂–Ω–∞ –ü—Ä–æ–∫–∞—á–∫–∞ –®–∞–º–∞–Ω–∞ 44 lvl | World of Warcraft –£–∫—Ä–∞—ó–Ω—Å—å–∫–æ—é #22,2025-09-13,PotuzhniyUA,1406.0,119.0,9.0,0.0,[],[],[],[],0
4yTiDKcUJGo,Goldmaking &amp; M+ in World of Warcraft,2025-09-13,ElonCS,10941.0,427.0,18.0,0.0,[],[],[],[],0
J4HK7P-xEpc,üîä PTBR üî• WORLD OF WARCRAFT üëâ TWW SEASON 3  ‚ùóAURAS ‚ùóGUILD ‚ùóCOMANDOS  #35,2025-09-13,CristiaN Thrall,10899.0,125.0,17.0,0.0,[],[],[],[],0
KPqrUZCCN8M,World of Warcraft Anniversary | Warrior| Part 6,2025-09-13,vXziRe,12837.0,2.0,0.0,0.0,[],[],[],[],0
E4Ls-opVOpI,World of Warcraft,2025-09-13,LastAdvice,19856.0,8.0,0.0,0.0,[],[],[],[],0
eP5RZNXqDy4,Let&#39;s Play! World of Warcraft!,2025-09-13,Planet Earth with Rod,8427.0,52.0,2.0,0.0,[],[],[],[],0
Me6aSTgu0as,World of Warcraft: Mists of Pandaria l EQUIPANDO MAGO 483+ y otras cositas!!!,2025-09-13,Ezplitner,6585.0,1.0,1.0,0.0,[],[],[],[],0
5lTK9h5fzzY,Delves and Achievements | World of Warcraft : The war within | Retribution paladin,2025-09-13,Akcope,8803.0,3885.0,4.0,0.0,[],[],[],[],0
hp7Nesszrvo,World of Warcraft MoP Classic Friday Raid night,2025-09-13,SoundWaveNCGaming,13203.0,3.0,1.0,0.0,[],[],[],[],0
cGs4xwxUtvE,LIVE - World Of Warcraft Classic 2025 First Time Player - THE NEW LEADER OF NIGHTSLAYER PVP PART 49,2025-09-13,UltimateYumYum ,7726.0,66.0,3.0,0.0,[],[],[],[],0
gLQ7paB2ohk,[world of warcraft] ÏôÄÏö∞ ÌÅ¥ÌÅ¥ / Î™©Ìëú : Î∂àÏÑ±Ï†Ñ ÏßÅÏóÖÎ≥Ñ60ÎßåÎ†ô - 49ÏùºÏ∞®,2025-09-13,Îî∏Í∏∞ÏºÄÏùµ Îã®ÎπÑ Í≤åÏûÑ Ï±ÑÎÑê‚ô•,42900.0,592.0,4.0,0.0,[],[],[],[],0
UyiTe5-_fRY,–í–ø–µ—Ä–≤—ã–µ –≤ PVP –∑–∞ –ê–†–ú–° –í–ê–†–ê —Å @raythisfurystream6166 ‚Ä¢ World of Warcraft ‚Ä¢ !—Å–µ—Ä–≤–µ—Ä,2025-09-13,Elisave,9350.0,5539.0,51.0,0.0,[],[],[],[],0
tqS6IYReprw,"Paseando ando por el mundo de World of Warcraft, ¬øMe acompa√±as?",2025-09-13,Jaradin,4965.0,85.0,3.0,0.0,[],[],[],[],0
zPLuKYpVHC4,World of Warcraft Mist of PANDARIA,2025-09-13,Brian Fells,9916.0,27.0,0.0,0.0,[],[],[],[],0
_lNShmDB8sg,World of Warcraft Foundational Series Battleground 0.6% KAeybinds Practise  Bg,2025-09-13,Vedran Kin,23861.0,2.0,0.0,0.0,[],[],[],[],0
39q7blr_4p0,DIA 21  DE UM NOVATO NO WORLD OF WARCRAFT UPANDO HUNTER   -  ‚ùóEXITLAG ‚ùóCOMANDOS ‚ùóLOJA,2025-09-13,Toud,8689.0,647.0,73.0,6.0,"['A npc que vc clicou  em Dalaran e n√£o sabia o que era, √© a treinadora de portais... Ela ensina quem joga de mago a abrir um portal direto para a cidade.\n Os magos tem a habilidade de ir para todas as cidades q aprender a usar o portal.', 'O novo mapa do the warwithn q vc disse que viu, √© um planeta que foi destru√≠do e a gente joga andando nos pedacinhos dele q ficaram soltos no espa√ßo... No jogo n√£o explica isso muito bem.', 'Essa corrente q vc usou sem querer qdo foi entrar na caverna, era muito usada na √©poca do legion. Como n√£o dava pra voar, tinha q ir com essa corrente procurando uns ganchos pra ancorar ela e ir escalando. Era como um quebra-cabe√ßa que normalmente qdo chegavamos no topo achava um ba√∫, uma miss√£o diferente ou um atalho para subir em lugares sem ter q dar muitas voltas e evitar caminhos com monstros.', 'Quando quiser saber a localiza√ß√£o de algo no game usa o addon Tom  Tom pega as coordenadas do local no site do wow read coloca no Tom Tom e ele vai te levar ate la √© um addon qie ajuda muito nestes quesitos.']","['pt', 'pt', 'pt', 'pt']","[""the npc that vc clicks on Dalarran and didn't know what it was, is the port trainer... she teaches who plays magic to open a portal directly to the city. the maggots have the ability to go to all the cities q learn to use the portal."", ""the new map of the warwithn q vc said that he saw, it's a planet that was destroyed and people playing on his q pads were left alone in space... in the game doesn't explain that very well."", ""this current q vc used without wanting qdo to enter the cave, it was very used in the time of the legion. as it didn't give to fly, it had q to go with this current looking for hooks to attract it and go climbing. It was like a break-head that qdo we usually found in the top found a tree, a different mission or a section to get up in places without having q giving many turns and avoiding roads with monsters."", 'when you want to know the location of something in the game use the addon tom grab the local coordinates on the site of the watch read place on the Tom tom and it will take you to la is an addon xie helps a lot on these issues.']","[-1, -1, -1, 1]",-2
mrGHmbKXSwQ,World of Warcraft WW mage leveling,2025-09-13,Ghost,3028.0,10.0,0.0,0.0,[],[],[],[],0
dguZ1Vj5b_0,RBG &quot;WoukZieu&quot; Season 3 The War Within  11.2 | World Of Warcraft | PvP,2025-09-13,WiNaRchiK,12720.0,17.0,0.0,0.0,[],[],[],[],0
1gOyK0-uGmQ,World of Warcraft | Jornada em Azeroth  Epis√≥dio 122#wowbrasil #worldofwarcraft #wow,2025-09-13,Damon Rubera,10859.0,238.0,7.0,0.0,[],[],[],[],0
vsVxtI7NFPc,World of Warcraft: Classic+ Adventure Leveling Epoch Classic+,2025-09-13,SpecLeaf Gaming,20011.0,381.0,4.0,0.0,[],[],[],[],0
hlENdQHZ74s,[üî¥LIVE] World of Warcraft! :D,2025-09-13,ElDenied,9198.0,638.0,12.0,0.0,[],[],[],[],0
S8c2jSJQw8I,The Loremaster achievement farming for Dragonflight Expansion„ÄêWorld Of Warcraft : The War Within„Äë,2025-09-13,sinus hd,4952.0,11.0,1.0,0.0,[],[],[],[],0
2LuY6Znvg1M,World of Warcraft,2025-09-13,SpartanSquad420,5539.0,1.0,0.0,0.0,[],[],[],[],0
tDYsPeDm9uQ,"World Of Warcraft - MOP Classic Celestials, Now With  Sound! [9.13.2025]",2025-09-13,golephish,14690.0,78.0,0.0,0.0,[],[],[],[],0
LPwRV5BvcGI,TAKING ON THE NEXUS KING!! | WORLD OF WARCRAFT,2025-09-13,Shadowlovez,18059.0,305.0,13.0,0.0,[],[],[],[],0
2wWjhNjrM1k,About to Begin The War Within Expansion | World of Warcraft | AzedNaut Gaming,2025-09-13,AzedNaut Gaming,30324.0,271.0,3.0,0.0,[],[],[],[],0
SzDPfwBnYIU,Let&#39;s Play! World of Warcraft!,2025-09-13,Planet Earth with Rod,11175.0,118.0,3.0,0.0,[],[],[],[],0
9Px1SLjfSNg,Buz B√ºy√ºc√ºs√º!üî¥Canlƒ± Yayƒ±n - World Of Warcraft,2025-09-13,Altƒ±n Asker,28843.0,6267.0,72.0,1.0,['emeƒüine saƒülƒ±k'],['tr'],"[""Your brain's healthy.""]",[1],1
ZU3hciwlCQs,„ÄêWORLD OF WARCRAFT„Äëa catgirl of many titles (hopefully)„ÄêBabette Bichoux„Äë,2025-09-13,Babette Bichoux ü¶ãüî™,15622.0,644.0,15.0,0.0,[],[],[],[],0
Tt3S2dSAiLo,(18+ Mature) 800+ Crown Wins üëë Fortnite Blitz! Classic World Of Warcraft New Player!,2025-09-13,Doomiverse,4815.0,5.0,0.0,0.0,[],[],[],[],0
X8Ry9iojB-w,World of Warcraft THE WAR WITHIN SEASON 3 SKCZ Gameplay * LIVE STREAM,2025-09-13,Lycansylzara,16934.0,454.0,6.0,0.0,[],[],[],[],0
u6r9xEvDQyA,World of Warcraft Classic gameplay,2025-09-13,GameplayTerminal,30197.0,4.0,0.0,0.0,[],[],[],[],0
wNDsiFz0HoQ,Levelling ShadowPriest (3) 88-90 | Pandaria | World of Warcraft Classic,2025-09-13,Hu5ky,16296.0,162.0,3.0,2.0,"['Nice video!', 'you would get so much more views and such if you talked in your videos its entertaining love leveling videos\nkeep it up !']","['it', 'en']","['No, no, no, no, no, no, no, no, no, no, no, no, no!', 'you would get so much more views and such if you talked in your videos its entertaining love leveling videos keep it up !']","[-1, 1]",0
wofOqb3KOSg,Dailies and Halfhill farms | Pandaria | World of Warcraft Classic,2025-09-12,Hu5ky,3927.0,16.0,0.0,0.0,[],[],[],[],0
tbn1r2LZ1X4,World of Warcraft | Jornada em Azeroth  Epis√≥dio 119#wowbrasil #worldofwarcraft #wow,2025-09-12,Damon Rubera,6742.0,66.0,2.0,0.0,[],[],[],[],0
ZIw9iBpLv50,üîä PTBR üî• WORLD OF WARCRAFT üëâ TWW SEASON 3  ‚ùóAURAS ‚ùóGUILD ‚ùóCOMANDOS  #34,2025-09-12,CristiaN Thrall,27046.0,281.0,26.0,0.0,[],[],[],[],0
gUCM7D0K2VM,Boring daily quest MOP...Thai Girl Playing World Of Warcraft,2025-09-12,Tiny Thai Girl,10855.0,389.0,13.0,0.0,[],[],[],[],0
JIkIw0gxepM,World of Warcraft - The War Within Adventures - Live 169,2025-09-12,Strange Heroes,7332.0,48.0,0.0,0.0,[],[],[],[],0
PeYYlIpO-Zs,World of Warcraft: The War Within  #6  | Son0fHyrule PVP&amp;Grinde,2025-09-12,Freak Peak,5115.0,10.0,2.0,0.0,[],[],[],[],0
w7InrMNH8wg,017 ‚Ä¢ Heute gibt es MANGOSCHLEIM ‚Ä¢ World of Warcraft Classic LIVE Let&#39;s Play [BLIND],2025-09-12,dieser_ Pe,8628.0,79.0,7.0,0.0,[],[],[],[],0
8sHY14tZ0VY,Dailies and Halfhill on my farms  level 90 | Pandaria | World of Warcraft Classic,2025-09-12,Hu5ky,5658.0,19.0,0.0,0.0,[],[],[],[],0
qVPNIhTo2Z4,World of Warcraft Classic ‚Äì Geht es heute in die Todesminen? (Koop) | 006 üî¥ LIVE #InsideGamingTV,2025-09-12,InsideGamingTV,7381.0,11.0,1.0,0.0,[],[],[],[],0
PseAWPU6u2o,WORLD OF WARCRAFT CLASSIC LIVE PL - Anniversary Edition - Nowe Szaty Leonsja üî¥ [NA ≈ªYWO],2025-09-12,MajkeLeon,19693.0,255.0,28.0,0.0,[],[],[],[],0
4ReSWDdLoho,üî¥ Noche de WOW #4 ‚öîÔ∏è | The War Within | World of Warcraft (En Vivo),2025-09-11,DabeatZtudio,11057.0,271.0,2.0,0.0,[],[],[],[],0
CBAesZh3iSI,Dailies and Halfhill farms 2 | Pandaria | World of Warcraft Classic,2025-09-11,Hu5ky,5813.0,84.0,1.0,0.0,[],[],[],[],0
NqNbFJsuF9Q,Resto Shaman Mythic+ | Zero to Legend | World of Warcraft: The War Within,2025-09-11,Turtle Respec,10035.0,38.0,1.0,0.0,[],[],[],[],0
c7xrMTmuzeo,World of Warcraft | Progression on Mythic Forgeweaver Araz | Elemental Shaman PoV,2025-09-11,Ordained,7955.0,57.0,0.0,0.0,[],[],[],[],0
TxFFGAKxmvM,WoWGuild-Battle.net-Gameplay&#39;s Live broadcast world of warcraft 11.2.0 GamePlay LiveNow,2025-09-11,WoWGuild-Battle.net-Gameplay,5756.0,2.0,1.0,0.0,[],[],[],[],0
OB_pNVQFCq4,World of Warcraft The War Within Live!,2025-09-11,Vaspiremaz,42899.0,48.0,0.0,0.0,[],[],[],[],0
7LqsAlY8Ao8,MANAFORGE OMEGA MYTHIC &amp; MYTHIC+!!! (World of Warcraft),2025-09-11,Nosirrag Nostalgia,21906.0,142.0,6.0,0.0,[],[],[],[],0
BAs6tITiPy0,Rhypi&#39;s Stream 2025: World of Warcraft! Raid Day!,2025-09-11,Rhypi Gaming,8065.0,51.0,15.0,2.0,"[""I definitely dropped a like üëç and i connected to your channel Rhypi  ! I didn't know you made content.  I will be supporting üíØ""]",['en'],['i definitely dropped a like  and i connected to your channel rhypi  ! i didnt know you made content.  i will be supporting '],[1],1
fAk77WWBoTw,üî¥ Noche de WOW #3 ‚öîÔ∏è | The War Within | World of Warcraft (En Vivo),2025-09-11,DabeatZtudio,9744.0,336.0,3.0,0.0,[],[],[],[],0
3fB6SDVmASg,World of Warcraft - The War Within Adventures - Live 168,2025-09-10,Strange Heroes,7247.0,1046.0,4.0,0.0,[],[],[],[],0
fTlh75JwaYk,World of Warcraft Classic,2025-09-10,AVStreamStudio,5265.0,2.0,0.0,0.0,[],[],[],[],0
bIr2fnO7aWY,World of Warcraft: The War Within. Firestorm x1 ‚û§ –ü—Ä–æ—Ö–æ–∂–¥–µ–Ω–∏–µ ‚Äî –ß–∞—Å—Ç—å 5,2025-09-10,Evan Creates,28618.0,122.0,1.0,0.0,[],[],[],[],0
RVgx432ooP0,Jim VS War Within First Time! [World of Warcraft noob],2025-09-10,JimVSGames,7183.0,134.0,2.0,0.0,[],[],[],[],0
qUex3SmhlBc,World of Warcraft - 27-08-2025 - Raid : Herioc - Manaforge Omega,2025-09-10,Rockbock,9739.0,5.0,1.0,0.0,[],[],[],[],0
FLHRlnbeEFE,World of Warcraft: Lets Play Classic Hardcore. Levelup LoOnies Staffel 2 Folge 3: F√ºr die Allianz,2025-09-09,A&M Warcraft Chronicles ,5469.0,19.0,3.0,2.0,['Ich war es diesmal nicht (oder war ich es vielleicht doch *schielt zu seinem Hornissenkost√ºm*) F'],['de'],"[""I wasn't it this time or I might have been interested in his horny costume f""]",[-1],-1
gNC37Gw7utQ,–í—á—É—Å—å –≥—Ä–∞—Ç–∏ –Ω–∞ –ê–†–ï–ù–Ü | World of Warcraft UA,2025-09-09,–î—ñ–¥—å–∫–æ,9705.0,109.0,11.0,0.0,[],[],[],[],0
KtpNh-bsjvY,üéÆ–∫–∞—á–∞—é –ø–∞–ª–∞–¥–æ—Å–∞ - World of Warcraft,2025-09-09,–ù–ò–ö –°–¢–†–ò–ú–ò–¢,21299.0,90.0,2.0,0.0,[],[],[],[],0
u1TZn0FX6oM,NEVOLJA NA DVE NOGE | World of Warcraft | Spineshatter,2025-09-09,MishaThePunk,8145.0,270.0,36.0,0.0,[],[],[],[],0
Zk_AXo5ktNE,Fresh Orc Hunter Hardcore Classic World of Warcraft Anniversary Server w/Koop,2025-09-09,Knomzologist,31936.0,7358.0,31.0,1.0,['Please Like and Subscribe!'],['en'],['please like and subscribe!'],[1],1
0ToQedoDIIs,üî¥ LETS GET SENDYYYYY | WORLD OF WARCRAFT üéÆüéÆüéÆ,2025-09-09,FTWItachi,8253.0,6.0,1.0,0.0,[],[],[],[],0
FNG10DRwoPM,World of Warcraft The War Within Live!,2025-09-09,Vaspiremaz,31551.0,37.0,1.0,0.0,[],[],[],[],0
6u_HH3XNNiQ,"‚öîÔ∏è World of Warcraft, Classic ERA / Newbie Hunterüî•MrRoyalMüî• UA/ ENG/RU/RO",2025-09-09,MrRoyalM,16432.0,232.0,0.0,0.0,[],[],[],[],0
UMZZpaJzDQ8,World of Warcraft Classic 20th Anniversary | Leveling &amp; Gold Grind | Classic WoW 2025,2025-09-09,Stickybuds 420,22836.0,228.0,4.0,1.0,"['Thanks for hanging out with the StickySquad üåø\nI stream World of Warcraft Classic 20th Anniversary Realms Mon‚ÄìFri at 6 PM CT.\n\n‚öî Leveling, üí∞ Gold Farming, üòÇ Funny Classic WoW moments all live here.\nIf you enjoyed the chaos, hit Subscribe so you don‚Äôt miss the next stream.\n\n‚ñ∂ Full playlist: https://www.youtube.com/watch?v=ZLkgsfAt1QE&list=PLq9kK8ZVW4uz570Kxy6QJpf9ZGgyZhPoX&pp=gAQB']",['en'],"['thanks for hanging out with the stickysquad  i stream world of warcraft classic 20th anniversary realms monfri at 6 pm ct.   leveling,  gold farming,  funny classic wow moments all live here. if you enjoyed the chaos, hit subscribe so you dont miss the next stream.   full playlist ']",[1],1
Fu45BMhbG7o,Learning &amp; Cozy MTG | World of Warcraft + MTG Arena | Live Gameplay - Luxthos,2025-09-09,Luxthos,42900.0,417.0,9.0,0.0,[],[],[],[],0
SzMpeP0Ar2k,Finalizando as quests de Hellfire Peninsula | World of Warcraft,2025-09-09,Toloi Games,12261.0,1492.0,188.0,4.0,"['Top', 'Saudades livezinhas esses dias heim ‚ù§', 'Toloi faz um v√≠deo do "" judge dredd"" do mega drive', 'üòä']","['unknown', 'pt', 'pt', 'unknown']","['top', ""You're healthy these days."", 'Toloi makes a video of the judge drdd do mega drive', '']","[0, 1, -1, 0]",0
AupRuvGNGAE,üîä PTBR üî• WORLD OF WARCRAFT üëâ TWW SEASON 3  ‚ùóAURAS ‚ùóGUILD ‚ùóCOMANDOS  #30,2025-09-09,CristiaN Thrall,28846.0,180.0,28.0,0.0,[],[],[],[],0
dc8YdLbamOE,World of Warcraft: The War Within. Firestorm x1 ‚û§ –ü—Ä–æ—Ö–æ–∂–¥–µ–Ω–∏–µ ‚Äî –ß–∞—Å—Ç—å 4,2025-09-09,Evan Creates,36391.0,99.0,2.0,0.0,[],[],[],[],0
LRIQXNuRhR4,World of Warcraft: Lets Play Gildenraid HC - TWW POV - WW Monk,2025-09-08,A&M Warcraft Chronicles ,9659.0,78.0,3.0,0.0,[],[],[],[],0
0MuhMBjI65g,O maior Templo de Conhecimento de World of Warcraft,2025-09-08,aiaionline_youtube,37035.0,759.0,28.0,0.0,[],[],[],[],0
7V7DiJbmXoA,World of Warcraft - –í–∏–¥–∏—à—å –ª–µ–≥–µ–Ω–¥–∞—Ä–∫—É? –ù–µ—Ç? –ê –æ–Ω–∞ –µ—Å—Ç—å! –ù–∞ –±–µ—Å–ø–ª–∞—Ç–Ω–æ–º —Å–µ—Ä–≤–µ—Ä–µ Legion,2025-09-08,Wargul,7627.0,275.0,17.0,0.0,[],[],[],[],0
FD4s_CMBxoE,üó°Ô∏è THE ADVENTURES OF PAPA JAN (‚ö°World of Warcraft - The War Within ‚ö°),2025-09-08,Ontspan met Jan ü§ôüèΩ,10234.0,183.0,1.0,0.0,[],[],[],[],0
5016RCIrMX0,WORLD OF WARCRAFT RAID - Tonton Remxx,2025-09-08,Frail Stream,7312.0,78.0,4.0,0.0,[],[],[],[],0
cRM4brbDfhI,LIVE ON: WORLD OF WARCRAFT - FANTASMAS DE K&#39;ARESH  [CLAMATIS]‚ùóKAS ‚ùóEXITLAG,2025-09-08,Ghostz MMOs,14750.0,445.0,13.0,0.0,[],[],[],[],0
BRF9Kz_wf_w,Leveling A Death Knight in World Of Warcraft Retail With Ronin,2025-09-08,The VATS Vixen,14128.0,69.0,9.0,0.0,[],[],[],[],0
eZr599kWTsc,World of Warcraft | WoW UA | –í–ï–õ–ò–ß–ï–ó–ù–ê –£–ö–†–ê–á–ù–°–¨–ö–ê –°–ü–Ü–õ–¨–ù–û–¢–ê | mmo-rpg –£–∫—Ä–∞—ó–Ω—Å—å–∫–æ—é,2025-09-08,BiGGudi,23261.0,159.0,7.0,0.0,[],[],[],[],0
004UYnZs_Nc,"üî¥ LIVE | New Character, New Story!! - Noob plays WORLD OF WARCRAFT #WoW",2025-09-08,calebsmyth TV,12877.0,49.0,4.0,6.0,"[""So to give some heads ups, Allied Races and Pandarens have a different Death Knight Start, mainly because they were raised later in the lore. Your Death Knight leader is Bolvar, not Arthas (who was the Lich King in Wrath of the Lich King and who is the one raising the older races like Humans). Also a lot of things are account wide, most mount included.\n\nAlso the elf you were so confused about, that's a male Blood Elf."", 'Hi Caleb!']","['en', 'so']","['so to give some heads ups, allied races and pandarens have a different death knight start, mainly because they were raised later in the lore. your death knight leader is bolvar, not arthas who was the lich king in wrath of the lich king and who is the one raising the older races like humans. also a lot of things are account wide, most mount included.  also the elf you were so confused about, thats a male blood elf.', 'Hey, hey, hey, hey, hey, hey, hey, hey, hey, hey, hey, hey, hey, hey, hey, hey, hey, hey, hey, hey, hey, hey, hey, hey, hey, hey, hey, hey, hey, hey, hey, hey, hey, hey, hey, hey, hey, hey, hey, hey, hey, hey, hey, hey, hey, hey, hey, hey, hey, hey, hey, hey, hey, hey, hey, hey, hey, hey, hey!']","[1, 1]",2
ryyAdnJE0Mw,Levelling Brewmaster Monk  (6) 85-90 | Pandaria | World of Warcraft Classic,2025-09-08,Hu5ky,8939.0,26.0,0.0,0.0,[],[],[],[],0
CnnUXg0-_6k,World of Warcraft,2025-09-08,Jadem Cian,12109.0,13.0,0.0,0.0,[],[],[],[],0
_wV-9sobRsw,WORLD OF WARCRAFT CLASSIC,2025-09-08,damianluck925,7584.0,3330.0,222.0,11.0,"['üéâüéâüéâüéâüéâüéâüéâüéâüéâüéâüéâüéâüéâüéâüéâüéâüéâüéâüéâüéâüéâ', 'How she going i follow you on you tube 5', 'Even us alliance are sad that twitch banned the real fulcrum', 'Twitch gotta give your acc back frü§¶', ""Ugg ended this man's life"", ""YO DUDE HAVEN'T EVEN WATCHED VOD YET, BUT GOOD FUCKING STREAM BRO. YODIE GGANG UP IN THIS. I BEEENWATCHING UR VIDS FOR A WHILE NOW DAMIAN LUCK 925 AND AFTER SEEING WHAT TWITCH HAS DONE TO YOU IN THE RECENT VIDEO, I WAS ENRAGED. IF PEOPLE KNEW WHAT REALLY HAPPENED BEHIND THE SCENES AT TWITCHTV HEADQUARTERS, THEY'D BE SHOCKED."", '49:28 W bubble tea', '46:30 snoopy', '5', '41:00', 'Lol no Snoop Dogg']","['unknown', 'en', 'en', 'en', 'en', 'en', 'en', 'af', 'unknown', 'unknown', 'it']","['', 'how she going i follow you on you tube 5', 'even us alliance are sad that twitch banned the real fulcrum', 'twitch gotta give your acc back fr', 'ugg ended this mans life', 'yo dude havent even watched vod yet, but good fucking stream bro. yodie ggang up in this. i beeenwatching ur vids for a while now damian luck 925 and after seeing what twitch has done to you in the recent video, i was enraged. if people knew what really happened behind the scenes at twitchtv headquarters, theyd be shocked.', '4928 w bubble tea', '4630 snoopy', '5', '4100', 'lol no snoop dogg']","[0, 1, -1, -1, -1, -1, 1, 1, 0, 0, -1]",-2
qcEcTdFImoI,[world of warcraft] ÏôÄÏö∞ ÌÅ¥ÌÅ¥ / Î™©Ìëú : Î∂àÏÑ±Ï†Ñ ÏßÅÏóÖÎ≥Ñ60ÎßåÎ†ô - 44ÏùºÏ∞®,2025-09-08,Îî∏Í∏∞ÏºÄÏùµ Îã®ÎπÑ Í≤åÏûÑ Ï±ÑÎÑê‚ô•,42900.0,473.0,9.0,0.0,[],[],[],[],0
Gj4tzpMamSk,Project Epoch | –ü–æ—Ç—É–∂–Ω–∞ –ü—Ä–æ–∫–∞—á–∫–∞ –®–∞–º–∞–Ω–∞ 40-41 lvl | World of Warcraft –£–∫—Ä–∞—ó–Ω—Å—å–∫–æ—é #18,2025-09-08,PotuzhniyUA,13038.0,175.0,11.0,0.0,[],[],[],[],0
SZi9U5AU4zU,–®–ª—è—Ö –Ω–æ–≤–∞—á–∫–∞ | –®—É–∫–∞—é —Ç—Ä–∞–Ω—Å–º–æ–≥(–º–∞—É–Ω—Ç—ñ–≤?) | World of Warcraft UA,2025-09-08,–î—ñ–¥—å–∫–æ,13041.0,170.0,14.0,2.0,['+ –¢–µ–∂ –ª—é–±–ª—é –∑–∞ —Ç—Ä–∞–Ω—Å–º–æ–≥–æ–º —Ö–æ–¥–∏—Ç–∏! –©–µ –±—É–¥—É –≤ –õ–µ–≥—ñ–æ–Ω —Ä–µ–º—ñ–∫—Å —Ö–æ–¥–∏—Ç—å.'],['uk'],"[""And I love to walk through it! I'll still be in Remyx's legion.""]",[1],1
yZssESjJ7oQ,World of Warcraft Classic!Wrlk!spineshatter warlock live (fresh)aq20 pvp pve,2025-09-08,Wrlk,10938.0,6.0,1.0,0.0,[],[],[],[],0
EqllQn8oijY,World of Warcraft Mythic,2025-09-08,Glencairn,4841.0,6.0,0.0,0.0,[],[],[],[],0
n95Eo4inMPo,World of Warcraft | Jornada em Azeroth  Epis√≥dio 117#wowbrasil #worldofwarcraft #wow,2025-09-08,Damon Rubera,12051.0,118.0,3.0,0.0,[],[],[],[],0
64Sj4l218oM,MANAFORGE OMEGA MYTHIC PROG!!! (World of Warcraft),2025-09-08,Nosirrag Nostalgia,33577.0,48.0,4.0,1.0,['üòÆüòÖ'],['unknown'],[''],[0],0
DORSygh3X8M,—Å—Ç—Ä–∏–º | mw monk | outlaw rogue | World of Warcraft,2025-09-08,Towhee,3869.0,54.0,0.0,0.0,[],[],[],[],0
aktItL5FKhg,Live Game Play - World of Warcraft - The War Within,2025-09-08,Grandpa Pans' Gaming,7637.0,4.0,1.0,0.0,[],[],[],[],0
VC4i3DtgQDs,üî•LIVE STREAM DE WORLD OF WARCRAFTüî• (No s√© ni que WoW Jugar) | El Darryus,2025-09-08,El Darryus,11629.0,368.0,42.0,0.0,[],[],[],[],0
ewooeZskqrs,üî¥ World of Warcraft: TWW  S3 - Fire Mage Insane Burst DPS in 2v2,2025-09-08,Ciroki,8793.0,89.0,1.0,0.0,[],[],[],[],0
9Ie5SYm_Wrg,World of Warcraft - New player on boosted character,2025-09-08,Xilent Player,22813.0,23.0,2.0,2.0,"['Love this', '<3']","['en', 'unknown']","['love this', '3']","[1, 0]",1
R7QcfctyhSM,WORLD OF WARCRAFT CLASSIC LIVE PL - Anniversary Edition - Leonsjo Idzie Po 8. Rangƒô üî¥ [NA ≈ªYWO],2025-09-08,MajkeLeon,18986.0,310.0,25.0,0.0,[],[],[],[],0
ko00LKqUdo0,(18+ Mature) 800+ Crown Wins üëë Fortnite Blitz! Classic World Of Warcraft New Player!,2025-09-08,Doomiverse,11168.0,4.0,1.0,0.0,[],[],[],[],0
lgMuzLtebhA,NEMOJ OPET MISO! | World of Warcraft Classic | Spineshatter,2025-09-07,MishaThePunk,27554.0,580.0,54.0,0.0,[],[],[],[],0
0wXlduIgSrI,World of Warcraft: The War Within. Firestorm x1 ‚û§ –ü—Ä–æ—Ö–æ–∂–¥–µ–Ω–∏–µ ‚Äî –ß–∞—Å—Ç—å 3,2025-09-07,Evan Creates,28047.0,102.0,0.0,0.0,[],[],[],[],0
ntMri9JKmI0,WORLD OF WARCRAFT - HEROIC ilvl711 MM HUNTER OMEGA RAID #midnight HYPE,2025-09-07,SGK1NGS,4857.0,7.0,0.0,0.0,[],[],[],[],0
pc_CdGKAUMY,World Of Warcraft The War Within: Mai Dam De Un +12?,2025-09-07,Pino,14806.0,362.0,30.0,0.0,[],[],[],[],0
GrKrjdhU7EI,World of Warcraft Mists of Pandaria Classic - RAID DAY - Chill Questing - Celestial Dungeons,2025-09-07,Robert Rambles,12797.0,2016.0,66.0,2.0,"['Hey Rob. :)', ""I live for the endgame streams, don't get to watch them live but you can guarantee I'll watch all of it after.""]","['cy', 'en']","['Hey Rob.', 'i live for the endgame streams, dont get to watch them live but you can guarantee ill watch all of it after.']","[1, -1]",0
mZKD7Yctj2w,üî¥üé•LIVE STREAM - World of Warcraft TWW Battlegrounds &amp; Arena Conquerors! | The War Within PvP,2025-09-07,CommanDirk,12389.0,20.0,4.0,0.0,[],[],[],[],0
sYtqnuZyHPk,WoWGuild-Battle.net-Gameplay&#39;s Live broadcast world of warcraft 11.2.0 GamePlay LiveNow,2025-09-07,WoWGuild-Battle.net-Gameplay,6639.0,28.0,1.0,0.0,[],[],[],[],0
vQlR9gJXp2M,World of Warcraft: The War Within (Season 3) | üî¥ Atre LIVE,2025-09-07,Atremis Streamy a klipy,17263.0,195.0,2.0,0.0,[],[],[],[],0
sLmrEyGjohk,üî¥LIVE | 3035io BM hunter | Adventures in World of Warcraft :) |  Ghost&#39;s of K&#39;aresh | TWW| ROSABERRY,2025-09-07,RosaBerry,42899.0,517.0,20.0,0.0,[],[],[],[],0
FABLJ_pmFWg,World of Warcraft Classic ‚Äì Vorbereitung auf die Todesminen (Koop) | 004 üî¥ LIVE #InsideGamingTV,2025-09-07,InsideGamingTV,16215.0,7.0,1.0,0.0,[],[],[],[],0
Arr4JqUhb_g,Project Epoch | –ü–æ—Ç—É–∂–Ω–∞ –ü—Ä–æ–∫–∞—á–∫–∞ –®–∞–º–∞–Ω–∞ 39-40 lvl  | World of Warcraft –£–∫—Ä–∞—ó–Ω—Å—å–∫–æ—é #17,2025-09-07,PotuzhniyUA,11609.0,205.0,13.0,0.0,[],[],[],[],0
Qs38h_lw2LA,Levelling Brewmaster Monk  (5) 85-90 | Pandaria | World of Warcraft Classic,2025-09-07,Hu5ky,7957.0,23.0,2.0,0.0,[],[],[],[],0
jFKHEbQn10M,World of Warcraft M+,2025-09-07,Glencairn,11505.0,15.0,0.0,0.0,[],[],[],[],0
SEbUvFcG1gc,World of Warcraft | Let&#39;s Play,2025-09-07,Codith,23183.0,7.0,1.0,0.0,[],[],[],[],0
vUpcCZvZ2tY,Morning in Azeroth ‚Äì World of Warcraft Adventures,2025-09-07,Thor Niffleheim,13078.0,5.0,1.0,0.0,[],[],[],[],0
qgFqeNu-0TA,Evil Triumphs When Good People Do Nothing - Frost DK World of Warcraft The War Within Pvp - !Smackin,2025-09-07,Knomzologist,17920.0,11446.0,26.0,1.0,['Please Like and Subscribe!'],['en'],['please like and subscribe!'],[1],1
5x5SF3o3B6w,"World Of Warcraft - MOP Classic Gold Farming - Goal 17K - Current 2,600 [9.6.2025]",2025-09-07,golephish,23854.0,29.0,0.0,0.0,[],[],[],[],0
Q-nj09tr51Y,9-6-2025 FALL GUYS + TEAMFIGHT TACTICS + DARKSIDERS 1 + WORLD OF WARCRAFT,2025-09-07,VikingWarborn,28192.0,1.0,0.0,0.0,[],[],[],[],0
isa3E8_ZK-s,World of Warcraft: The War Within. Firestorm x1 ‚û§ –ü—Ä–æ—Ö–æ–∂–¥–µ–Ω–∏–µ ‚Äî –ß–∞—Å—Ç—å 2,2025-09-07,Evan Creates,41324.0,242.0,4.0,0.0,[],[],[],[],0
-NaSC5epssk,World Of Warcraft The War Within: Asa Mai Tarziu Sa Speram Ca Avem Ceva Playeri On!!!,2025-09-06,Pino,15603.0,235.0,26.0,0.0,[],[],[],[],0
-KSUlowF04Q,üéÆ–ü–†–û–•–û–ñ–£ –î–†–ê–ì–û–ù–§–õ–ê–ô - World of Warcraft,2025-09-06,–ù–ò–ö –°–¢–†–ò–ú–ò–¢,13585.0,76.0,4.0,0.0,[],[],[],[],0
A0cb9Vr8Arc,üî¥üéÆ„ÄêWorld of Warcraft„Äë11.2 New Guild | Fun Times~ | Manaforge LFR |üéÆPart: 31,2025-09-06,‚ô°ñ§êSonata Dawnstarñ§ê‚ô°,6591.0,22.0,1.0,0.0,[],[],[],[],0
NpS1shOIApI,üéÆ Going LIVE in World of Warcraft: The War Within! Today‚Äôs mission: Leveling ALT&quot;s,2025-09-06,tva_zoone,18771.0,52.0,1.0,0.0,[],[],[],[],0
jNAYyyy8XrY,[LEVELING] Day 1 - Elwynn Forest | World of Warcraft Classic Anniversary,2025-09-06,Zillatect,38646.0,14.0,0.0,0.0,[],[],[],[],0
J11S3HGnOEg,World of Warcraft: Hardcore Classic - Human Paladin Part 14 | Blackfathom Deeps | Level 28-29,2025-09-06,Myth308,11921.0,128.0,8.0,3.0,"['No 2H Sword :(', 'Smooth, fun, nice üëå  Very proseprous dungeon run also, lots of goodies from BGF üòÅ']","['cy', 'en']","['No 2h', 'smooth, fun, nice   very proseprous dungeon run also, lots of goodies from bgf ']","[-1, 1]",0
Tb6HuBj7spI,Perdendo Tempo em World of Warcraft CLASSIC,2025-09-06,OFischer,20381.0,255.0,24.0,0.0,[],[],[],[],0
73usSNL4LBM,üí∞ WoW Gold Grind Farming for a Token Before | World of Warcraft: The War Within,2025-09-06,tva_zoone,13630.0,59.0,0.0,0.0,[],[],[],[],0
xITxmOb1hVc,World of Warcraft Classic ‚Äì Unser Abenteuer beginnt! (Koop) | 001 üî¥ LIVE #InsideGamingTV,2025-09-06,InsideGamingTV,16292.0,15.0,2.0,0.0,[],[],[],[],0
xTM0NAL6GSg,World of Warcraft - –ò–¥–µ–∞–ª—å–Ω—ã–π –∫–ª–∞—Å—Å! –ù–∞ –±–µ—Å–ø–ª–∞—Ç–Ω–æ–º —Å–µ—Ä–≤–µ—Ä–µ Legion,2025-09-05,Wargul,9566.0,469.0,19.0,0.0,[],[],[],[],0
Yd8XY81CbYc,World Of Warcraft The War Within: Continuam Treaba Cu Raidul Poate Piaca Si Dimensius!!,2025-09-05,Pino,16008.0,248.0,27.0,0.0,[],[],[],[],0
VKEhLqx-ffs,World of Warcraft: The War Within. Firestorm x1 ‚û§ –ü—Ä–æ—Ö–æ–∂–¥–µ–Ω–∏–µ ‚Äî –ß–∞—Å—Ç—å 1,2025-09-05,Evan Creates,29660.0,874.0,7.0,0.0,[],[],[],[],0
JgT7fKo2pWU,World of Warcraft Mists of Pandaria Classic - Chill Questing - Celestial Dungeons - Ret Paladin,2025-09-05,Robert Rambles,13262.0,1886.0,75.0,0.0,[],[],[],[],0
0XeUc-8jRdU,013 ‚Ä¢ Questen und Leveln mit D√∂ph ‚Ä¢ World of Warcraft Classic LIVE Let&#39;s Play [BLIND],2025-09-05,dieser_ Pe,17217.0,106.0,6.0,0.0,[],[],[],[],0
CXfSvsZ1DV4,Do Farm √† Gl√≥ria! ‚öîÔ∏è Live de World of Warcraft Hardcore #1,2025-09-05,Spano Joga,9645.0,14.0,0.0,0.0,[],[],[],[],0
OZi6nNLBVfU,World of Warcraft - Manaforge Omega Heroic - Hunter BM,2025-09-05,Erika MBrandini,9953.0,63.0,1.0,0.0,[],[],[],[],0
sAa7_Lc3fQw,Levelling Brewmaster Monk  (3) 85-90 | Pandaria | World of Warcraft Classic,2025-09-05,Hu5ky,8742.0,43.0,2.0,0.0,[],[],[],[],0
ee6dzX5eBJk,World of Warcraft - Mists of Pandaria | 05.09.25,2025-09-05,OSOM-TV,14621.0,28.0,0.0,0.0,[],[],[],[],0
yFhmdkOk9x8,| World of Warcraft - Mists of Pandaria | 05.09.25,2025-09-05,OSOM-TV,14600.0,290.0,4.0,0.0,[],[],[],[],0
ghPXUwyuues,Leveling A New Character in World Of Warcraft Retail With Ronin,2025-09-05,The VATS Vixen,12733.0,96.0,8.0,0.0,[],[],[],[],0
a45-TxgScI4,Let&#39;s Play World of Warcraft focusing PVP Hunter + Delves! (Portrait),2025-09-05,JoseG,3740.0,134.0,1.0,0.0,[],[],[],[],0
9Pk2QKUii2s,–ê–†–ï–ù–ê –Ω–æ–≤–∞—á–∫–∞ | World of Warcraft UA,2025-09-05,–î—ñ–¥—å–∫–æ,10540.0,202.0,12.0,2.0,"['–ü—Ä–∏–≤—ñ—Ç –î—ñ–¥—å–∫–æ, –¥–∏–≤–ª—é—Å—å –∑–∞–ø–∏—Å —Å—Ç—Ä—ñ–º–∞, —è —Ç–∞–±—É —Å–∫–∞–∂—É —Ç–∏ –≤–∂–µ –∫—É–¥–∏ –∫—Ä–∞—â–µ –∞—Ä–µ–Ω–∏—à, —Ä–µ–∞–ª—å–Ω–æ –≤–∏–¥–Ω–æ –ø—Ä–æ–≥—Ä–µ—Å—Å, —Ç–∞–∫ —Ç—Ä–∏–º–∞—Ç–∏)']",['uk'],"[""Hello, grandpa, looking at the stream, I'll tell you where you're going, really seen progress, so keep it.""]",[1],1
ZkpTNKCywbo,World of Warcraft. –ê –º–∏ –Ω–∞ —Ä—ñ—Ç–µ–π–ª—ñ. –°—Ç—Ä—ñ–º —É–∫—Ä–∞—ó–Ω—Å—å–∫–æ—é,2025-09-05,–ë—É–∑–∫–æ–≤–∏–π –ö–æ—Ç–∏–∫,13278.0,8.0,5.0,0.0,[],[],[],[],0
WB9mQBLnWiY,Dailies Gameplay  | Pandaria | World of Warcraft Classic,2025-09-05,Hu5ky,12203.0,20.0,0.0,0.0,[],[],[],[],0
FHU26nYRtB0,World of Warcraft Classic + Epoch &amp; Ascension Realm Kezan Mage/Rogue Leveling,2025-09-05,PrepareOne,42899.0,258.0,2.0,0.0,[],[],[],[],0
d-BxAojJTFg,World of Warcraft - M+ KEYS w/ Demo Warlock! NL/BE STREAM!,2025-09-05,Bonanzaxo,5132.0,15.0,1.0,0.0,[],[],[],[],0
5WIA0mlRDFQ,World of Warcraft #shorts #fyp #gaming #worldofwarcraft,2025-09-05,TartarusKing,7452.0,1.0,1.0,0.0,[],[],[],[],0
nkdXsXywk8Y,—Å—Ç—Ä–∏–º | mw monk | outlaw rogue | World of Warcraft,2025-09-05,Towhee,4223.0,74.0,2.0,0.0,[],[],[],[],0
4i37rB8b26A,TWW 11.2 Shadow Priest - Pln√≠me Weekly Vaultu - World of Warcraft: The War Within 11.2,2025-09-04,Lycansylzara,33004.0,84.0,2.0,0.0,[],[],[],[],0
GanC-0DxoiE,World of Warcraft: The War Within (Season 3) | üî¥ Atre LIVE,2025-09-04,Atremis Streamy a klipy,16148.0,177.0,4.0,0.0,[],[],[],[],0
8plhtdFrtPg,World Of Warcraft Classic(Turtle WoW) (Balkan/English),2025-09-04,ibrish,8949.0,8.0,1.0,0.0,[],[],[],[],0
sNBoBdhPgmA,World of Warcraft - –ù–æ–≤—ã–π —Å–µ–∑–æ–Ω! –ù–∞ –±–µ—Å–ø–ª–∞—Ç–Ω–æ–º —Å–µ—Ä–≤–µ—Ä–µ Legion,2025-09-04,Wargul,8528.0,600.0,22.0,0.0,[],[],[],[],0
7-uo404u7Sk,"Retail stream - achievements, m+? | World of Warcraft : The War Within | Retribution paladin",2025-09-04,Akcope,9260.0,1403.0,9.0,0.0,[],[],[],[],0
c4lVBEJLfWo,World of Warcraft: Midnight |5|,2025-09-04,Agmira,16068.0,3.0,1.0,0.0,[],[],[],[],0
IUzMP3dmYVQ,üî¥üéÆ„ÄêWorld of Warcraft„Äë11.2 New Guild | Fun Times~ | Mythic 0? Maybe? |üéÆPart: 30,2025-09-04,‚ô°ñ§êSonata Dawnstarñ§ê‚ô°,6894.0,23.0,0.0,0.0,[],[],[],[],0
vIs6KNFNfKQ,Farming &amp; Goldmaking in World of Warcraft,2025-09-04,ElonCS,12763.0,808.0,28.0,0.0,[],[],[],[],0
Dp6ZX2Tt2oM,World of Warcraft Mists of Pandaria Classic - Chill Questing - Dungeons - Druid - Pt 5 - Gameplay,2025-09-04,Robert Rambles,12426.0,1945.0,77.0,1.0,['Danggg I missed the live'],['en'],['danggg i missed the live'],[-1],-1
lUI0jf-empo,–ü–†–û–î–ê–õ –ß–ï–†–ï–ü–ê–•–£ –ò –°–ë–ï–ñ–ê–õ –ö BLIZZARD! - WORLD OF WARCRAFT –ì–û–î–û–í–©–ò–ù–ê,2025-09-04,Rayan,18432.0,895.0,33.0,1.0,['–ó–∞ —Ä—É —Å–µ—Ä–≤–µ—Ä –ª–∞–π–∫)'],['bg'],['for a route server link'],[-1],-1
ocV1mG8b3Mw,Hardcore World of Warcraft - Xitwound Leveling,2025-09-04,Forgotten Gods,11515.0,33.0,1.0,0.0,[],[],[],[],0
iXOD8yDNm_o,üî¥LIVE | 3018io BM hunter | World of Warcraft |  Ghost&#39;s of K&#39;aresh | season 3 | TWW ROSABERRY,2025-09-04,RosaBerry,34389.0,867.0,23.0,0.0,[],[],[],[],0
u9TbN0VWX5I,"World of Warcraft fun and friendly stream. Watch, chat or chill, happy to have you here. [English]",2025-09-04,Olmaph,11611.0,108.0,1.0,0.0,[],[],[],[],0
hrXnDsGPa40,Alex spielt World of Warcraft - Heute endlich Max-Level?,2025-09-04,MMO News,8732.0,365.0,15.0,3.0,"['Bin noch am Anfang und ganz passend, da ich mir erst k√ºrzlich das H√∂rbuch rund um Arthas angeh√∂rt habe! üòÅ', 'zum thema gutes Tun  ....jede katastrophe beginn mit dem satz "" ich wollt nur helfen"" ""ich mein es doch nur gut "" :)']","['de', 'de']","[""I'm still quite suitable at first, because I've recently heard the audiobook around arthas!"", ""on the subject of doing good ....every disaster starts with the sentence I just want to help me but it's just good""]","[1, 1]",2
vxpYowQlum8,Project Epoch | –ü–æ—Ç—É–∂–Ω–∞ –ü—Ä–æ–∫–∞—á–∫–∞ –®–∞–º–∞–Ω–∞ 36-37 lvl  | World of Warcraft –£–∫—Ä–∞—ó–Ω—Å—å–∫–æ—é #15,2025-09-04,PotuzhniyUA,12409.0,189.0,19.0,0.0,[],[],[],[],0
Ri_MwVkVk5I,World of Warcraft: The War Within (TWW) Delves | World Quests | PvP,2025-09-04,Arthdurrr,20261.0,3.0,0.0,0.0,[],[],[],[],0
yNhL25sUDTs,World of Warcraft | Jornada em Azeroth  Epis√≥dio 113 #wowbrasil #worldofwarcraft #wow,2025-09-04,Damon Rubera,18091.0,150.0,2.0,0.0,[],[],[],[],0
KAYPZrQYtwQ,World of Warcraft: Hardcore Classic - Leveling a Human Paladin | Part 13 | Level 26-27,2025-09-04,Myth308,10881.0,109.0,2.0,3.0,"['So happy you got that Palli Hammer man! It does so much damage, it smacks everything! It trully felt like a quest with all the running around and the bits and pieces of dungeons that we went to!']",['en'],"['so happy you got that palli hammer man! it does so much damage, it smacks everything! it trully felt like a quest with all the running around and the bits and pieces of dungeons that we went to!']",[1],1
JOJToURzCno,üîä PTBR üî• WORLD OF WARCRAFT üëâ TWW SEASON 3  ‚ùóAURAS ‚ùóGUILD ‚ùóCOMANDOS  #25,2025-09-04,CristiaN Thrall,6100.0,75.0,12.0,0.0,[],[],[],[],0
eewSIssBqnc,Zagramy w World of Warcraft. Maxymujemy Trial do konca. #1 !instant,2025-09-04,CleverOwlpl,6675.0,78.0,3.0,0.0,[],[],[],[],0
CKnp2l_9sGo,üîä PTBR üî• WORLD OF WARCRAFT üëâ TWW SEASON 3  ‚ùóAURAS ‚ùóGUILD ‚ùóCOMANDOS  #26,2025-09-04,CristiaN Thrall,14901.0,209.0,22.0,0.0,[],[],[],[],0
MiUKLp4P4pE,World of Warcraft | LIVE #warcraft #trending #gamer #streamer,2025-09-04,Aurus Kingdom,17896.0,829.0,8.0,0.0,[],[],[],[],0
1PVy8Y7RDRg,World of Warcraft Classic,2025-09-04,AVStreamStudio,4674.0,0.0,0.0,0.0,[],[],[],[],0
qg89QyGRV6Q,"üí∞Gold Making in World of Warcraft üéÅ10,000,000 Gold Giveaway",2025-09-03,Kaychak,42900.0,393.0,3.0,0.0,[],[],[],[],0
0CrpOw7WeYY,[  REPRISE ] WORLD OF WARCRAFT: TWW - SEASON 3 - SHAMAN RESTORATION POV - RAID AND M+,2025-09-03,Porps,12299.0,61.0,2.0,0.0,[],[],[],[],0
38PxDbkQSnY,„ÄêWorld of Warcraft„ÄëCan I Get To 80 Today???,2025-09-03,Kyo Ch. Á¥´Âí≤„Ç≠„Éß,20318.0,2.0,1.0,0.0,[],[],[],[],0
OCWJH32avY4,üî¥MMORPG STREAM CZ - 4Story a World of Warcraft a jin√© (Pokec)üî¥,2025-09-03,HetzerCZ,14547.0,270.0,8.0,0.0,[],[],[],[],0
LIHVcn4nfWI,World of Warcraft Mists of Pandaria Classic - Chill Questing - Dungeons - Druid - Pt 4 - Gameplay,2025-09-03,Robert Rambles,10710.0,2081.0,77.0,1.0,['Is classic really better than retail?'],['en'],['is classic really better than retail?'],[1],1
VggzqgSsKpQ,World of Warcraft UA | WoW | –í–ï–õ–ò–ß–ï–ó–ù–ê –£–ö–†–ê–á–ù–°–¨–ö–ê –°–ü–Ü–õ–¨–ù–û–¢–ê | mmo-rpg –£–∫—Ä–∞—ó–Ω—Å—å–∫–æ—é,2025-09-03,BiGGudi,19417.0,343.0,9.0,0.0,[],[],[],[],0
X4w7qKztkF0,World of Warcraft - –í —ç—Ç–æ–º —Å–µ–∑–æ–Ω–µ –Ω–∞–¥–æ –¥–æ–π—Ç–∏ –¥–æ –∫–æ–Ω—Ü–∞! –ù–∞ –±–µ—Å–ø–ª–∞—Ç–Ω–æ–º —Å–µ—Ä–≤–µ—Ä–µ Legion,2025-09-03,Wargul,11064.0,653.0,23.0,0.0,[],[],[],[],0
k0a9VR1kcUo,Project Epoch | –ü–æ—Ç—É–∂–Ω–∞ –ü—Ä–æ–∫–∞—á–∫–∞ –®–∞–º–∞–Ω–∞ 35-36 lvl  | World of Warcraft –£–∫—Ä–∞—ó–Ω—Å—å–∫–æ—é #14,2025-09-03,PotuzhniyUA,12045.0,194.0,18.0,0.0,[],[],[],[],0
azJN_tz_wWk,World of Warcraft Adventures,2025-09-03,–ù–µ–π–º–æ–≤—ñ—Ä–Ω—ñ –ø—Ä–∏–≥–æ–¥–∏ –ö–∞—Ç–∞—Ä–±—ñ–Ω–∫–∏,16872.0,3.0,0.0,0.0,[],[],[],[],0
9OMpPOBAnKE,World of Warcraft  Jornada em Azeroth   Epis√≥dio 112#wow     #worldofwarcraftbrasil     #wowbrasil,2025-09-03,Damon Rubera,18757.0,1026.0,8.0,0.0,[],[],[],[],0
y3fiRRme3KA,World of Warcraft Retail | Gearen + Verzamelen (‚ö°DROPS OP TWITCH‚ö°),2025-09-03,Ontspan met Jan ü§ôüèΩ,2503.0,122.0,2.0,0.0,[],[],[],[],0
wBGueNqKP7I,World of Warcraft TWW S3! Feral! Manaforge Omega,2025-09-03,Balran,24368.0,25.0,0.0,0.0,[],[],[],[],0
fvb5N1CkkMs,Tuesday Stream | World of Warcraft &amp; Helldivers 2,2025-09-03,DtotheOtotheG,14761.0,13.0,0.0,0.0,[],[],[],[],0
gQuzam9erwk,üî• LIVE World of Warcraft!!!!!,2025-09-03,√ò_Zarkhas,12876.0,0.0,1.0,0.0,[],[],[],[],0
R6sE8iF1_6o,WORLD OF WARCRAFT: THE WAR WITHIN SEASON 3!!,2025-09-03,Dr.Ceberus,27423.0,40.0,4.0,0.0,[],[],[],[],0
TXA_LHALDTA,World of Warcraft The War Within Live!,2025-09-03,Vaspiremaz,25577.0,27.0,0.0,0.0,[],[],[],[],0
N-V5nS022aw,üî¥ LIVE! COZY WORLD OF WARCRAFT AND CHILL,2025-09-03,kait archer,18583.0,237.0,5.0,0.0,[],[],[],[],0
FJk9PWYzDFQ,Hardcore World of Warcraft - Xitwound Leveling,2025-09-03,Forgotten Gods,12000.0,80.0,3.0,4.0,"['why u all play hunter!!!! like every person come on', 'This game reminds me of order and chaos üò¢']","['en', 'en']","['why u all play hunter!!!! like every person come on', 'this game reminds me of order and chaos ']","[1, 1]",2
JTbv_8LdWMg,[  REPRISE ] WORLD OF WARCRAFT: TWW - SEASON 3 - SHAMAN RESTORATION POV - RAID AND M+,2025-09-03,Porps,12489.0,18.0,2.0,0.0,[],[],[],[],0
zeFiv_ErEuI,World of Warcraft CLASSIC ERA Anniv. Realms - Shaman Pt 10 - Relaxing Leveling Campaign,2025-09-02,Robert Rambles,11162.0,2532.0,85.0,1.0,"['1:54:12 - admit it, you had your doubts there for a second haha!\n\nloving the play through']",['en'],"['112 - admit it, you had your doubts there for a second haha!  loving the play through']",[1],1
miqYOnoeR_Y,World of Warcraft 3.3.5–∞  | Verkhovna Rada | Warmane Icecrown x7,2025-09-02,Yaniy_tv,11392.0,99.0,5.0,0.0,[],[],[],[],0
rQNPfmebctk,—Å—Ç—Ä–∏–º | mw monk | outlaw rogue | World of Warcraft,2025-09-02,Towhee,31727.0,191.0,8.0,0.0,[],[],[],[],0
3TcBO53ZGHY,World of Warcraft: Wrath of the Lich King Circle X1 ‚û§ –ü—Ä–æ—Ö–æ–∂–¥–µ–Ω–∏–µ ‚Äî –ß–∞—Å—Ç—å 36,2025-09-02,Evan Creates,17013.0,271.0,1.0,1.0,['–ü—Ä–∏–≤–µ—Ç–∏–∫–∏üòÄ'],['mk'],['Greetings'],[1],1
xsiTK-cn0N4,011 ‚Ä¢ D√∂ph und Ich kommen euch HOLEN ‚Ä¢ World of Warcraft Classic LIVE Let&#39;s Play [BLIND],2025-09-02,dieser_ Pe,22582.0,158.0,9.0,0.0,[],[],[],[],0
6U9_DoZPMLw,üî¥LIVE | 2974io BM hunter m+ keys &amp; other World of Warcraft fun |  Ghost&#39;s of K&#39;aresh | ROSABERRY,2025-09-02,RosaBerry,32452.0,874.0,33.0,0.0,[],[],[],[],0
N3m-k8h6j40,Jim VS World Of Warcraft! Newbie! First Time War Within,2025-09-02,JimVSGames,4672.0,75.0,2.0,0.0,[],[],[],[],0
WrhrvdATe0I,„ÄêWorld of Warcraft„ÄëVertical Stream„ÄêShe/Her„Äë#VtuberEN #WoW #ghostsofkaresh,2025-09-02,Kilj√≥ Kitten,5860.0,7.0,0.0,0.0,[],[],[],[],0
S_qfEs8slMk,„ÄêWorld of Warcraft„ÄëShort Stream„ÄêShe/Her„Äë#VtuberEN #WoW #ghostsofkaresh,2025-09-02,Kilj√≥ Kitten,6045.0,41.0,1.0,0.0,[],[],[],[],0
gI80KPswgMQ,Levelling Frost/Fire Mage (13) 89-90 | Pandaria | World of Warcraft Classic,2025-09-02,Hu5ky,4355.0,21.0,1.0,0.0,[],[],[],[],0
K3dVHM6eqmI,"World Of Warcraft - MOP Classic Gold Farming - Goal 17K - Current 11,074   [9.1.2025]",2025-09-02,golephish,30455.0,55.0,2.0,0.0,[],[],[],[],0
Z_wCda1z36Q,World of Warcraft: Hardcore - Rogue POV: Rag &amp; Ony,2025-09-02,savetimewin,11468.0,16.0,2.0,0.0,[],[],[],[],0
udBiUJ9_-6w,World of Warcraft - A Monk&#39;s Journey,2025-09-02,Astronomical420,8855.0,38.0,2.0,0.0,[],[],[],[],0
EqeXEINnFFQ,Zagramy w World of Warcraft. Testujemy Wow&#39;a #2 !instant,2025-09-01,CleverOwlpl,17323.0,106.0,7.0,0.0,[],[],[],[],0
taQyLQ2X40w,World of Warcraft Mists of Pandaria Classic - Chill Questing - Dungeons - Druid - Pt 3 - Gameplay,2025-09-01,Robert Rambles,14011.0,2103.0,87.0,1.0,['33:13 :D never seen that before!'],['en'],['3313 d never seen that before!'],[1],1
Pk8uJHkusVY,"Playing War Within, World of Warcraft - Taking 80s Through Delves and Completing Weekly Quests!",2025-09-01,WowMittensMeow,12485.0,22.0,0.0,0.0,[],[],[],[],0
WChJP9n9zZI,World of Warcraft: Wrath of the Lich King Circle X1 ‚û§ –ü—Ä–æ—Ö–æ–∂–¥–µ–Ω–∏–µ ‚Äî –ß–∞—Å—Ç—å 35,2025-09-01,Evan Creates,34960.0,222.0,1.0,0.0,[],[],[],[],0
Z8ljKxfz0RY,World of Warcraft,2025-09-01,Roak,8404.0,7.0,0.0,0.0,[],[],[],[],0
jxIDKmkmeqI,Darkshore and beyond?!üåô | World of Warcraft: Mists of Pandaria | No Commentary,2025-09-01,AGamingNana,4150.0,12.0,0.0,0.0,[],[],[],[],0
YnHEZlWpkdQ,Let&#39;s Play World of Warcraft focusing PVP Hunter + Delves! (Portrait),2025-09-01,JoseG,4298.0,163.0,2.0,0.0,[],[],[],[],0
1GYFcZSO8WM,"World Of Warcraft - MOP Classic Gold Farming - Goal 17K - Current 5,102  [8.31.2025]",2025-09-01,golephish,6064.0,17.0,1.0,0.0,[],[],[],[],0
MHSPfc5gZzw,üî¥ Noche de WOW #1 ‚öîÔ∏è | The War Within | World of Warcraft (En Vivo),2025-09-01,DabeatZtudio,22773.0,194.0,3.0,0.0,[],[],[],[],0
1ZAbtkrSuow,World of Warcraft: MoP Classic. –°—Ç—Ä—ñ–º —É–∫—Ä–∞—ó–Ω—Å—å–∫–æ—é,2025-09-01,–ë—É–∑–∫–æ–≤–∏–π –ö–æ—Ç–∏–∫,13288.0,7.0,1.0,0.0,[],[],[],[],0
4uW3OCSHaWY,"World Of Warcraft - MOP Classic Gold Farming - Goal 17K - Current 6,091  [8.31.2025]",2025-09-01,golephish,27548.0,28.0,1.0,0.0,[],[],[],[],0
_GvsJiE3vPY,üî¥ BIG REACTS SESSION AND THEN SOME WOW | WORLD OF WARCRAFT üéÆüéÆüéÆ,2025-09-01,FTWItachi,10676.0,10.0,1.0,0.0,[],[],[],[],0
D94Fed6mDwg,World of Warcraft,2025-09-01,TartarusKing,15186.0,6.0,1.0,0.0,[],[],[],[],0
RNNYtA9I1KU,Hardcore World of Warcraft - The adventures of Xitwound &amp; Bubbles,2025-09-01,Forgotten Gods,3703.0,10.0,0.0,0.0,[],[],[],[],0
Q6I3Fglr0JU,Live ‚Ä¢ Hardcore World of warcraft paladin lvl 23-26 *FIM*,2025-09-01,Paladino Bi√≥logo,22435.0,96.0,12.0,6.0,"['Foi a potion desconhecida que tu bebeu, esfraqueceu tua internet üòã', '""Conex√£o bem sucedida""... E esse cliffhanger a√≠?? Maldade kaksjsjaj', 'Esse final de s√©rie ficou meio triste mas eu dei meu melhor galera, espero que gostem :)']","['pt', 'pt', 'pt']","['was the unknown potion that you drank, broke your internet', 'successful connection... and this clifthanger there?? evil kaksjjaj', 'this end of the series became half sad but I of my best career, I hope I like it']","[-1, 1, 1]",1
4efk7JUgrFw,HARDCORE in World of Warcraft 20th Anniversary ‚Äì LvL 16 Shaman Starting the Stream,2025-09-01,Tusk Reaper Gaming,21412.0,53.0,0.0,0.0,[],[],[],[],0
80Ys3SWz9nE,World of Warcraft | Mythic+ Dungeons 10+ keys and up Road to 3k Rating | Elemental Shaman PoV,2025-09-01,Ordained,7010.0,118.0,0.0,0.0,[],[],[],[],0
6mtK8V2nCAQ,"‚öîÔ∏è World of Warcraft, Classic ERA / Newbie Hunterüî•MrRoyalMüî• UA/ ENG/RU/RO",2025-09-01,MrRoyalM,24241.0,265.0,3.0,0.0,[],[],[],[],0
QKBMOQCc2VY,World of Warcraft PvE T√ºrk√ße Canlƒ± Yayƒ±n | ƒ∞lk Kez Dungeon &amp; Raid (B√∂l√ºm 2) (√ñƒüreniyoruz)| WoW 2025,2025-09-01,Azuilan,9937.0,148.0,4.0,2.0,['discord kanalƒ±nƒ±z var mƒ±?'],['tr'],['Do you have a discord channel?'],[-1],-1
cCNYjXNZveo,üî¥ World of Warcraft: Retail S3|üíÄGhosts of K‚Äôaresh Farming|PVE CARNAGE + Random PVP|11.2 LIVE,2025-09-01,Ciroki,20372.0,40.0,3.0,0.0,[],[],[],[],0
Tho4U96JB68,Levelling Frost/Fire Mage (10) 85+ | Pandaria | World of Warcraft Classic,2025-09-01,Hu5ky,1318.0,14.0,0.0,0.0,[],[],[],[],0
FYTDpwVAPn0,World of Warcraft: Leveling Hunter to unlock Allied Races,2025-09-01,TheFatGuy,4974.0,4.0,0.0,0.0,[],[],[],[],0
g0jR793Zoeg,World of Warcraft - –¢–æ—Ç —Å–∞–º—ã–π —á–µ–ª–µ–Ω–¥–∂! –ù–∞ –±–µ—Å–ø–ª–∞—Ç–Ω–æ–º —Å–µ—Ä–≤–µ—Ä–µ Legion,2025-08-31,Wargul,7620.0,447.0,24.0,0.0,[],[],[],[],0
WTWjN_VabUY,World of Warcraft Mists of Pandaria Classic - Raid Today! - Chill Questing -  Ret Paladin,2025-08-31,Robert Rambles,13971.0,1816.0,74.0,2.0,"['Way to go!', 'Very nice.']","['so', 'cs']","[""I don't know how to go!"", 'Very nice.']","[-1, 1]",0
VwNu-aWY8bk,"‚öîÔ∏è World of Warcraft, Classic ERA / Newbie Hunterüî•MrRoyalMüî• UA/ ENG/RU/RO",2025-08-31,MrRoyalM,24353.0,9.0,1.0,0.0,[],[],[],[],0
zAcMhQDHghQ,WoWGuild-Battle.net-Gameplay&#39;s Live broadcast world of warcraft 11.2.0 GamePlay LiveNow,2025-08-31,WoWGuild-Battle.net-Gameplay,3615.0,12.0,0.0,0.0,[],[],[],[],0
0osus9SA9Yk,World of Warcraft: Quests and stuff,2025-08-31,TheFatGuy,7590.0,1.0,0.0,0.0,[],[],[],[],0
KJTVm-MVTyQ,üî¥LIVE - World of warcraft Retail on the Outlaw Rogue for a bit,2025-08-31,TheBachelorPad,29500.0,52.0,1.0,0.0,[],[],[],[],0
T_0CoLy5GXw,Season 3 Lets Go ! | A World Of Warcraft Stream,2025-08-31,GaminWitKo,11853.0,9.0,0.0,0.0,[],[],[],[],0
kjikv176LfQ,World of Warcraft | Jornada em Azeroth  Epis√≥dio 109 #wowbrasil #worldofwarcraft #wow,2025-08-31,Damon Rubera,7724.0,29.0,3.0,0.0,[],[],[],[],0
P1cf68iffao,üî¥üéÆ„ÄêWorld of Warcraft„Äë11.2 New Guild | Fun Times~ | LFR with Guild! |üéÆPart: 29,2025-08-31,‚ô°ñ§êSonata Dawnstarñ§ê‚ô°,7397.0,12.0,2.0,0.0,[],[],[],[],0
aV9vgZNfDxg,"World Of Warcraft - MOP Classic Gold Farming - Goal 17K - Current 2,000 [Saturday - 8.30.2025]",2025-08-31,golephish,19021.0,12.0,1.0,0.0,[],[],[],[],0
qhdSQiUB-1Y,World of Warcraft |:| Retail |:| Hunter Grind,2025-08-31,Stalkgaming,3872.0,36.0,4.0,5.0,"['AhhhhhhhhhüòÆshe was loud üò± till next time üëç', 'ü¶™ üéØü¶™üéØü¶™', 'I like the flying üëç', 'Weeeeeeeeeeüòä', 'üåΩüåΩüåΩüåΩüåΩüòÆüò±ü§™']","['en', 'unknown', 'no', 'nl', 'unknown']","['ahhhhhhhhhshe was loud  till next time ', ' ', ""If you're ever lost and alone in the woods, hug a tree"", 'sea', '']","[-1, 0, 1, 1, 0]",1
AZqKEOxu9uw,Back to Azeroth ‚Äì World of Warcraft Classic Adventures,2025-08-31,FriendlyFire:ON ,25677.0,211.0,12.0,0.0,[],[],[],[],0
9A0asqPOeEM,üõ°Ô∏èProfessional Punching Bag Simulator üí™World of Warcraft Protection Warrior stream,2025-08-31,STRatoZ | The | One,5007.0,11.0,0.0,0.0,[],[],[],[],0
8zsH6fhe4sk,„ÄêWORLD OF WARCRAFT„Äësleepy wow saturday„ÄêBabette Bichoux„Äë,2025-08-31,Babette Bichoux ü¶ãüî™,19834.0,214.0,10.0,0.0,[],[],[],[],0
c1VtYmYz5f4,World of Warcraft Classic,2025-08-31,AVStreamStudio,7558.0,0.0,0.0,0.0,[],[],[],[],0
WGX0Qg37e7E,üî¥ LIVE! WORLD OF WARCRAFT AND CHILL,2025-08-31,kait archer,16817.0,232.0,3.0,0.0,[],[],[],[],0
ZtmsemDeHic,Make WOW Great Again! Œ£œÑœÅŒπŒºŒ¨œÅŒøœÖŒºŒµ World of Warcraft ŒºŒµ Pedram Voss #1,2025-08-31,JUMPCUT,13617.0,1983.0,77.0,4.0,"['ŒàœáŒøœÖŒºŒµ link Œ≥ŒπŒ± œÑŒø screensaver Œ±œÄœå œÄŒØœÉœâ;', 'œáŒ±Œ±œáŒ±œáŒ±œáŒ±œá œÅŒµ œÑŒπ Œ∏œÖŒºŒ∑Œ∏Œ∑Œ∫ŒµœÇ. ŒïŒπœáŒ± œÜœÑŒπŒ±ŒæŒµŒπ blood elf  hunter œÉœÑŒø Burning Crusade (Œ±Œ∫ŒøŒºŒ∑ œÑŒøŒΩ Œµœáœâ), Œ∫Œ±Œπ œÄŒøŒªŒµŒºŒøœÖœÉŒ± ŒºŒµ ŒµŒΩŒ± 2h sword œÄŒøœÖ ŒºŒøœÖ ŒµŒπœáŒµ Œ¥œâœÉŒµŒπ Œ∑ Sylvanas œÉŒµ ŒµŒΩŒ± quest œÉœáŒµœÑŒπŒ∫Œ± Œ±œÅœáŒ∑, Œ∫Œ±Œπ Œ≥ŒµŒΩŒπŒ∫œâœÇ boostara strength.....\nŒüŒπ Œ≠ŒΩŒΩŒøŒπŒ± rotation ŒµŒΩ œÑœâ ŒºŒµœÑŒ±ŒæœÖ Œ¥ŒµŒΩ œÖœÄŒ∑œÅœáŒµ Œ∫Œ±ŒΩ œÉœÑŒ∑ œÉœÖŒΩŒµŒπŒ¥Œ∑œÉŒ∑ ŒºŒøœÖ... œÑŒø steady shot œÑŒø Œ∏ŒµœâœÅŒøœÖœÉŒ± Œ±œáœÅŒ∑œÉœÑŒø. \nŒ†ŒøŒªœÖ Œ±Œ≥Œ±œÄŒ∑ŒºŒµŒΩŒø œÄŒ±ŒπœáŒΩŒπŒ¥Œπ, Œ±Œ∫ŒøŒºŒ∑ Œ∫Œ±Œπ œÑœâœÅŒ±, Œ±ŒΩ Œ∫Œ±Œπ Œ≥ŒπŒ± ŒµŒºŒµŒΩŒ± Œ∑ ŒµœÄŒøœáŒ∑ œÑœâŒΩ œÄŒøŒªœÖ Œ∫Œ±ŒªœâŒΩ expansion œÑŒµŒªŒµŒπœâœÉŒµ œÉœÑŒø pandaria Œ∫Œ±Œπ ŒºŒπŒ± œÑŒµŒªŒµœÖœÑŒ±ŒπŒ± Œ±ŒΩŒ±ŒªŒ±ŒºœÄŒ∑ œÉœÑŒø Legion.\nŒ§Œ± œÜŒπŒªŒπŒ± ŒºŒøœÖ', 'œÑŒø WoW œÑŒµŒªŒµŒØœâœÉŒµ œÉœÑŒø Legion', 'œÑŒø œÑŒµŒªŒµœÖœÑŒ±ŒØŒø WoW œÄŒøœÖ ŒµŒØŒ¥Œ± œÄœÅŒ≠œÄŒµŒπ ŒΩŒ± ŒÆœÑŒ±ŒΩŒµ 19 WoW œÄŒπŒø œÄœÅŒπŒΩ ŒøœÄœåœÑŒµ ŒµŒ¥œé Œ¥ŒµŒΩ Œ∫Œ±œÑŒ±ŒªŒ±Œ≤Œ±ŒØŒΩœâ œÑŒπ Œ≥ŒØŒΩŒµœÑŒ±Œπ ŒΩŒ± œÄœâ œÑŒ∑ŒΩ Œ±ŒªŒÆŒ∏ŒµŒπŒ±...']","['el', 'el', 'el', 'el']","['we have link for the screensaver from behind', ""I had built blood Elf Hunter in burning crusade yet I had it, and I fought with a 2h sword that had given me sylvanas to a question-related principle, and generally booster strength... the meaning rotation in it didn't even exist in my consciousness... the Steady shot was the most useful game, even now, although for me the time of the very good expansion ended in Pandaria and a last lesson in the legend."", 'Wow ended up in the legion', ""The last watch I saw must have been 19 wow earlier so I don't understand what's going on here to tell the truth...""]","[-1, 1, 1, -1]",0
